featureid	Intercept	"C(birth_mode_ms, Treatment(""Vag""))[T.CS]"	"C(birth_mode_ms, Treatment(""Vag""))[T.CSseed]"	country[T.PuertoRico]	country[T.Spain]	country[T.USA]	baby_sex[T.M]
TACGGAGGATCCGAGCGTTATCCGGATTTATTGGGTTTAAAGGGAGCGTAGATGGATGTTTAAGTCAGTTGTGAAAGTTTGCGGCTCAACCGTAAAATTG	1.087282540778821	0.9980692144949002	0.824589050559073	0.6815706448375494	1.0615738176529055	1.1873013602231044	0.9900097942233774
TACGTAGGGTGCAAGCGTTATCCGGAATTATTGGGCGTAAAGGGCTCGTAGGCGGTTCGTCGCGTCCGGTGTGAAAGTCCATCGCTTAACGGTGGATCCG	2.0190097117230343	1.9667648550588654	3.203393018988639	0.9856006161987096	1.830406978053296	1.5714923964474696	1.257310161578724
TACGGAGGATCCGAGCGTTATCCGGATTTATTGGGTTTAAAGGGAGCGTAGGTGGACAGTTAAGTCAGTTGTGAAAGTTTGCGGCTCAACCGTAAAATTG	1.216964351515477	-1.2174151662271457	-0.17517837211701348	0.1763249592601568	-1.1379222131545896	2.3547185288403525	-0.30446743012659816
TACGTAGGTGGCAAGCGTTGTCCGGATTTATTGGGCGTAAAGCGAGCGCAGGCGGTTTCTTAAGTCTGATGTGAAAGCCCCCGGCTCAACCGGGGAGGGT	0.610477986316388	0.40016792980022853	1.132137305287391	0.22479229734533135	2.3789658092682004	0.6543597804043788	0.8358794695020411
TACGTAGGGTGCAAGCGTTATCCGGAATTATTGGGCGTAAAGGGCTCGTAGGCGGTTCGTCGCGTCCGGTGTGAAAGCCCATCGCTTAACGGTGGGTCTG	0.9903441914722375	1.0683769759256405	2.0952940352239904	-0.6296827836216181	-0.22105352647856424	0.22322943076830093	2.5844098424792974
TACGGAGGGTGCAAGCGTTAATCGGAATTACTGGGCGTAAAGCGCACGCAGGCGGTTTGTTAAGTCAGATGTGAAATCCCCGGGCTCAACCTGGGAACTG	2.4906208538815426	1.0745143991429371	-0.18089946434113457	0.5366438435136587	2.3605355762664915	1.3625439332459468	2.375796089160511
TACGGAGGATCCGAGCGTTATCCGGATTTATTGGGTTTAAAGGGAGCGTAGGTGGATTGTTAAGTCAGTTGTGAAAGTTTGCGGCTCAACCGTAAAATTG	1.8534305119320802	0.4289579269010586	2.9478190310278234	0.5171240674077779	0.35857482187196066	0.24086024627428237	1.2691459452987406
TACGTAGGGGGCAAGCGTTATCCGGATTTACTGGGTGTAAAGGGAGCGTAGACGGCAGTGCAAGTCTGAAGTGAAAGCCCGGGGCTCAACCCCGGGACTG	0.6231519305512361	0.19487153259106105	-0.613638602944345	-0.46051359607584175	0.6024329804603701	0.6261691676114101	-0.8612756633877066
TACGTAGGGGGCTAGCGTTATCCGGATTTACTGGGCGTAAAGGGTGCGTAGGCGGTCTTTTAAGTCAGGAGTGAAAGGCTACGGCTCAACCGTAGTAAGC	1.0018774145647935	-0.45277328523807103	1.013717017320662	1.5750473694621832	0.979033223611558	0.12462397680025195	-0.35852860451929836
TACGGAGGATCCGAGCGTTATCCGGATTTATTGGGTTTAAAGGGAGCGTAGGCGGACGCTTAAGTCAGTTGTGAAAGTTTGCGGCTCAACCGTAAAATTG	0.6376266205117158	-0.47121531995944554	0.9248859204330744	-1.0749858660877436	-0.07569579847410868	1.4282061533663768	-0.8028337860225943
TACGTAGGTGGCAAGCGTTGTCCGGATTTACTGGGCGTAAAGGGAGCGTAGGCGGATTTTTAAGTGGGATGTGAAATACCCGGGCTCAACCTGGGTGCTG	0.29009020565003585	1.304708438785748	-0.25425382778260097	-1.069308404463598	1.2894627892200594	1.8767341004345912	1.1195527708411905
TACGTAGGTGGCGAGCGTTGTCCGGATTTACTGGGCGTAAAGGGAGCGTAGGCGGATTTTTAAGTGAGATGTGAAATACCCGGGCTCAACTTGGGTGCTG	-0.11889886619597245	0.4747825142461819	-1.6709735028466879	0.6159159945070058	0.12945802442475607	0.3362675534222621	0.9806777380660865
TACGTATGGTGCAAGCGTTATCCGGATTTACTGGGTGTAAAGGGAGCGTAGACGGATAGGCAAGTCTGGAGTGAAAACCCAGGGCTCAACCCTGGGACTG	-0.8990845656588622	0.9474794406909508	0.33296374156859443	1.844523187142542	-1.1254371858413572	-1.3515816105868321	0.2199155187488291
TACGTAGGTGGCAAGCGTTGTCCGGAATTATTGGGCGTAAAGCGCGCGCAGGCGGATCGGTCAGTCTGTCTTAAAAGTTCGGGGCTTAACCCCGTGATGG	0.6315490329071931	1.7853357669431729	0.6962065167703919	0.2110982494174749	-0.5622694946105833	0.33210577831011	0.6955454146743509
TACGTAGGTGGCAAGCGTTATCCGGATTTACTGGGTGTAAAGGGCGTGTAGGCGGGATTGCAAGTCAGATGTGAAAACTGGGGGCTCAACCTCCAGCCTG	-0.09299230339079578	1.2996497031766934	1.8989317782202066	-0.2942273063839167	0.5247220539276247	0.0738154278729457	1.1884942149997446
TACGTAGGGAGCAAGCGTTGTCCGGAATTACTGGGTGTAAAGGGAGCGTAGGCGGGATGGCAAGTAGAATGTTAAATCCATCGGCTCAACCGGTGGCTGC	-0.004694221039111213	-0.28446204694919164	-0.45502396747681484	1.0746181266128332	0.28270746700211813	-0.24809483423490342	-0.9953061246990469
TACGTAGGTGGCAAGCGTTGTCCGGAATTATTGGGCGTAAAGCGCGCGCAGGCGGATCAGTCAGTCTGTCTTAAAAGTTCGGGGCTTAACCCCGTGATGG	1.423130961637204	1.1495702591259045	0.48324940278914497	-0.5742861075580805	-0.37420384653166483	-0.5099823845889082	-1.5922369861721304
TACGTAGGTGGCAAGCGTTGTCCGGAATTATTGGGCGTAAAGCGCGCGCAGGCGGATAGGTCAGTCTGTCTTAAAAGTTCGGGGCTTAACCCCGTGATGG	1.4455961012646608	1.6877292868215603	1.0008765228071503	-0.6381723923862666	0.41821683875962545	0.18886943921785537	-0.02530645371668605
TACGTAGGGGGCTAGCGTTATCCGGATTTACTGGGCGTAAAGGGTGCGTAGGCGGTCTTTCAAGTCAGGAGTGAAAGGCTACGGCTCAACCGTAGTAAGC	1.1294597708985261	1.7691604372579617	0.42962009385016486	-0.41115165187723335	-0.34801225431517313	0.7361953781579036	0.3124002313495371
TACGTAGGGGGCTAGCGTTGTCCGGAATCACTGGGCGTAAAGGGTTCGCAGGCGGAAATGCAAGTCAGGTGTAAAAGGCAGTAGCTTAACTACTGTAAGC	0.07674861190766524	-0.2095061067026096	1.0566461153307252	0.447400014263323	0.8790797733490114	-1.2452850712801915	-0.4666318798183706
TACGTATGGAGCGAGCGTTGTCCGGAATTATTGGGCGTAAAGGGTACGCAGGCGGTTTAATAAGTCGAATGTTAAAGATCGGGGCTCAACCCCGTAAAGC	0.3628507280156068	-0.5399059775751072	-0.8087991111001678	0.44072185025804345	0.4255438589279299	-0.47267118826169785	0.12917471884495946
TACGGAGGGTGCAAGCGTTAATCGGAATTACTGGGCGTAAAGCGCACGCAGGCGGTCTGTCAAGTCGGATGTGAAATCCCCGGGCTCAACCTGGGAACTG	1.266412051896756	2.9582448479253816	0.8429232194998555	1.1047268466769964	1.9341749095146303	1.4256367312405605	2.1573519801974985
TACGTAAGGTCCGAGCGTTGTCCGGAATCATTGGGCGTAAAGGGTACGTAGGCGGGTAAGCAAGTTAGAAGTGAAATCCTATAGCTCAACTATAGTAAGC	-1.9730638241961547	-0.41913194688968236	0.08377430513289585	0.07073807285421196	-0.8236710286910887	-0.18273142709989365	-1.3505060577511099
TACGTAGGTCCCGAGCGTTGTCCGGATTTATTGGGCGTAAAGCGAGCGCAGGCGGTTTGATAAGTCTGAAGTTAAAGGCTGTGGCTCAACCATAGTTCGC	-0.23597514392882069	1.131962033780293	1.496817267684012	-0.38561571075327095	1.4754179560367708	1.7443753705952663	1.246616313445637
TACGTAGGTCCCGAGCGTTATCCGGATTTATTGGGCGTAAAGCGAGCGCAGGCGGTTAGATAAGTCTGAAGTTAAAGGCTGTGGCTTAACCATAGTACGC	0.8378605121180467	-0.47191257509402806	-1.1275618903360067	0.2851317183791906	1.203654318374837	1.4032675699923534	-0.5370588207363394
TACGTAGGGCGCGAGCGTTGTCCGGAATTATTGGGCGTAAAGGGCTTGTAGGTGGCTGGTTGCGTCTGTCGTGAAAGCTCATGGCTTAACTGTGGGTTTG	2.624446990470593	0.06566672292538112	0.5835085876264872	-0.39006913139230903	-1.320558950978076	-2.3562446011569014	0.40932054280049535
TACGGAGGATACGAGCGTTATCCGGATTTATTGGGTTTAAAGGGTGCGCAGGTGGTCTTGCAAGTCAGTGGTGAAAAGCTGAGGCTCAACCTCAGCCTTG	0.4011132144734306	-0.7536159280221897	-0.7443192832193075	-2.112155322569677	-0.08142571218565653	-2.169978178885173	-0.014314999592235367
TACGTAGGGGGCAAGCGTTATCCGGATTTACTGGGTGTAAAGGGAGCGTAGACGGCGAAGCAAGTCTGAAGTGAAAACCCAGGGCTCAACCCTGGGACTG	-0.6250466084673958	1.1554450568277401	-1.2280826203546233	0.389348741036585	-0.34590284593657206	1.2628189848397273	0.37997306345708104
TACGTAGGGTGCGAGCGTTGTCCGGAATTACTGGGCGTAAAGAGCTCGTAGGCGGTTTGTCACGTCGTCTGTGAAATCCTAGGGCTTAACCCTGGACGTG	-0.00622915985136796	-2.1875565770547816	-0.0018549196443258253	1.1235804812728674	0.19391490451737692	-0.9703250302340489	-0.2663872146724966
TACGTAGGTCCCGAGCGTTGTCCGGATTTATTGGGCGTAAAGCGAGCGCAGGCGGTTAGATAAGTCTGAAGTTAAAGGCTGTGGCTTAACCATAGTACGC	-0.13430201770811756	0.08847956624813502	-0.33811470195862636	0.6421715536832124	0.17739726535722067	-0.10536364450712021	0.5314482247710917
TACGTAGGGCGCGAGCGTTGTCCGGATTTATTGGGCGTAAAGGGCTTGTAGGCGGTTTGTCGCGCCTGTCGTGTAATCCTCTGGCTTAACTGGGGGTGTG	0.034106852988903924	1.4416577097494168	-0.2650441758355795	-0.5690484090030878	0.7210271500770693	-0.7032978905703526	-0.11527668477289943
TACGTAGGGTGCGAGCGTTGTCCGGAATTACTGGGCGTAAAGGGCTCGTAGGTGGTTTGTCGCGTCGTCTGTGAAATTCCGGGGCTTAACTCCGGGCGTG	-1.8230589604571419	0.7390749928075833	-0.3537069194039999	-0.2437815113247126	-0.9555136419113035	0.4113747106526393	-0.7594956064342764
TACGTAAGGGGCGAGCGTTGTCCGGAATTATTGGGCGTAAAGAGTGCGTAGGCGGCAAATTAAGTCAGATGTGAAAACTAAGGGCTCAACCCATAGATTG	-0.41546308757811357	0.9253977787215275	-1.398952209206552	-1.4069415373981684	-1.4831394410903807	-1.1169774903323155	0.7556390112519953
TACGTAGGTGGCAAGCGTTGTCCGGAATTATTGGGCGTAAAGCGCGCGCAGGCGGCTTCCTAAGTCCATCTTAAAAGTGCGGGGCTTAACCCCGTGATGG	-0.9105780101016112	-0.46269173654727513	-1.8075935475549407	0.24609866307370964	3.338754966181958	1.3332640455697078	-0.28682898522608546
TACGTATGGAGCGAGCGTTGTCCGGAATTATTGGGCGTAAAGGGTGCGCAGGCGGCTTTACAAGTTGGATGTGAAATATTGTGGCTCAACCACAAACGTG	0.5381417894169731	-1.1453805688302952	-1.022123061867684	0.32686540053479973	-2.535378859120166	-0.6166808976199132	1.1920971816659662
TACGGAGGATACGAGCGTTATCCGGATTTATTGGGTTTAAAGGGTGCGCAGGTGGTCCTGCAAGTCAGTGGTGAAAAGCTGAGGCTCAACCTCAGCCTTG	-0.9815984940722533	-1.0538447621744114	-0.16094472334000542	-0.15487122966654	0.49490393630906393	0.3191256748173732	0.8966642862439844
TACGGGGGGTGCAAGCGTTACTCGGAATCACTGGGCGTAAAGGACGCGTAGGCGGATTATCAAGTCTTTTGTGAAATCTAGTGGCTTAACCACTAAACTG	-2.149071571846302	-0.30807073148898656	-1.8560552231988616	0.9429413335143835	-0.30990974672392557	0.17681451902132217	0.9752892658368442
TACGTATGTCACAAGCGTTATCCGGATTTATTGGGCGTAAAGCGCGTCTAGGTGGTTATGTAAGTCTGATGTGAAAATGCAGGGCTCAACTCTGTATTGC	0.07585215805024426	-0.7884962085168796	-1.2553963296136565	-0.06363666488535102	-0.8350490785415525	-0.7060068024661046	0.4623614644885752
TACGTAGGTGGCAAGCGTTGTCCGGAATTATTGGGCGTAAAGAGCGCGTAGGCGGTATGATAAGTCTGTCTTAGAAGTGCGGGGCTTAACCCCGTGAGGG	-1.008765814323719	-0.943986368505283	-0.44012411758515224	1.4382953600703985	0.05983276597901632	-0.39670208826322373	-0.6305380964397695
TACGTAGGGCGCGAGCGTTGTCCGGAATTATTGGGCGTAAAGAGCTTGTAGGCGGTTTGTCGCGTCTGCTGTGAAAGGCCGGGGCTTAACCCCGTGTATT	0.27997434375733565	-0.07355184587649877	-1.3080076806268401	0.18050771520726983	-0.31109421022490213	0.19546898469667529	-0.852518072140148
TACGTAGGGTGCGAGCGTTGTCCGGAATTATTGGGCGTAAAGGGCTTGTAGGCGGTTTGTCGCGTCTGCCGTGAAATCCTCTGGCTTAACTGGGGGCGTG	-0.09376060726195057	0.11638121572323268	-0.8638622395715414	-0.7362957043827265	0.39486409656449606	-1.3134546650912267	-0.3859834575771597
TACGTATGGACCGAGCGTTGTCCGGAATCATTGGGCGTAAAGGGTACGTAGGCGGCCTAGTAAGTTAGAAGTGAAATAATATAGCTCAACTATATAAAGC	0.025798323135083123	-1.3065925362985569	1.9967009194174108	0.1660964445888311	0.9702644862954264	0.1971115694973964	-1.0448110008358267
TACGTAGGTGGCAAGCGTTATCCGGAATTATTGGGCGTAAAGCGCGCGTAGGCGGTTTTTTAAGTCTGATGTGAAAGCCCACGGCTCAACCGTGGAGGGT	-0.05834078552275379	0.23741035428829615	0.13069239929106757	-0.5162317795932978	0.39107920162125875	-0.613528884794901	0.49681995271451207
TACGTAGGTGGCAAGCGTTGTCCGGAATTATTGGGCGTAAAGCGCGCGCAGGTGGTTTAATAAGTCTGATGTGAAAGCCCACGGCTCAACCGTGGAGGGT	-0.01712202789335926	-0.3602523330133396	-0.5571027629098593	-0.8287291569889277	-1.0234455323989744	0.6344209538434047	1.096114153254101
TACGTAAGGACCGAGCGTTGTCCGGAATCATTGGGCGTAAAGGGTACGTAGGCGGCTAGAAAAGTTAGAAGTCAAAGGCTATAGCTCAACTATAGTAAGC	-1.7346383309557991	-1.0896647694986301	-0.4073361985406576	2.0391062454997813	-0.07873575456694315	0.47317882642488573	0.38358015774495335
TACGGAGGGTGCGAGCGTTAATCGGAATAACTGGGCGTAAAGGGCACGCAGGCGGTGACTTAAGTGAGGTGTGAAAGCCCCGGGCTTAACCTGGGAATTG	0.16744166849107067	0.7819864478427929	0.42213118746665046	-0.35393286182291206	2.831018044871533	0.7573776768181819	1.4378664886832926
TACAGAGGGTGCGAGCGTTAATCGGAATTACTGGGCGTAAAGCGAGTGTAGGTGGCTCATTAAGTCACATGTGAAATCCCCGGGCTTAACCTGGGAACTG	-0.8480589366152831	-0.03484184774570043	-0.06031253263565883	0.009687419396570363	-0.2805338359649534	0.4484870658848781	-1.7139553928493765
TACGTAGGTGGCAAGCGTTGTCCGGAATTATTGGGCGTAAAGCGCGCGCAGGCGGATTGGTCAGTCTGTCTTAAAAGTTCGGGGCTTAACCCCGTGATGG	0.7129384004876069	2.265589880617337	1.3636056549825968	-0.4357827944935053	0.8596864633981829	1.4878206478093166	0.46879739521748753
TACGTAGGGTGCGAGCGTTGTCCGGAATTACTGGGCGTAAAGAGCTCGTAGGTGGTTTGTCGCGTCGTCTGTGAAATTCCGGGGCTTAACTCCGGGCGTG	-0.748539803047473	0.6631466325838131	-0.3567787043771453	0.6412175589918405	-0.5667444921310301	-1.3842533005740147	-0.29975294114344386
TACGTAGGTCCCGAGCGTTGTCCGGATTTATTGGGCGTAAAGCGAGCGCAGGTGGTTTATTAAGTCTGGTGTAAAAGGCAGTGGCTCAACCATTGTATGC	-1.5248900628283568	-1.0531411889474827	2.185529864577323	-0.3059040947139948	-0.38141636617735575	-0.8926487339999181	1.210886622059414
TACAGAGGGTGCGAGCGTTAATCGGATTTACTGGGCGTAAAGCGTGCGTAGGCGGCTTTTTAAGTCGGATGTGAAATCCCCGAGCTTAACTTGGGAATTG	-0.7608530497744628	-1.8902099851053196	-0.4813199870309539	-0.14285177423364814	0.9659613736693506	0.7777569519017229	0.00957746266133519
TACGTAGGGGGCTAGCGTTGTCCGGAATCACTGGGCGTAAAGGGTTCGCAGGCGGAAATGCAAGTCAGATGTAAAAGGCAGTAGCTTAACTACTGTAAGC	-0.9080296731188842	0.08863871064968531	0.15226707532790318	-1.601654653090307	0.3699362420265322	-1.0924318207766515	-0.3567175769924429
TACGGAAGGTCCAGGCGTTATCCGGATTTATTGGGTTTAAAGGGAGTGTAGGCGGTTGGTTAAGCGTGTTGTGAAATGTAGATGCTCAACATCTGACTTG	-0.8404089188769408	-1.8279648545663791	-0.5924961201867758	-0.14444113208658393	-1.2236758924301023	-1.9112351311709386	0.17027247904545995
TACGGAGGATGCGAGCGTTATCCGGATTTATTGGGTTTAAAGGGTGCGTAGGCGGCCTGTTAAGTCAGCGGTGAAATCTAGGAGCTTAACTCCTAAATTG	0.76972723243684	-0.7132808688562351	-0.3977475993356414	0.6500125447034151	-0.4908227182205076	0.7737128363583583	-2.264726867687634
TACGTAGGGTGCAAGCGTTAATCGGAATTATTGGGCGTAAAGCGAGTGCAGACGGTTACTTAAGCCAGATGTGAAATCCCCAAGCTTAACTTGGGACGTG	-0.4155153012469368	1.5278875109273953	-0.4906688563546844	-1.0008097930134028	0.19363363019868185	-0.626077450659464	0.43624402045018407
TACGTAGGGTGCGAGCGTTAATCGGAATTACTGGGCGTAAAGCGAGCGCAGACGGTTACTTAAGCAGGATGTGAAATCCCCGGGCTCAACCTGGGAACTG	0.20286292074174117	0.04067914453335231	0.040858186034231636	-0.8072640938938349	-1.2285098291213865	-1.455510176565836	1.153489897239277
TACGGAAGGTCCGGGCGTTATCCGGATTTATTGGGTTTAAAGGGAGCGTAGGCTGTCTATTAAGCGTGTTGTGAAATTTACCGGCTCAACCGGTGGCTTG	-1.297163603325183	-0.06996734174899633	-0.8142202727517791	0.12289458082311455	0.21341843835755636	-0.3537910355593663	0.1829283928752634
TACGTAGGGGGCTAGCGTTATCCGGATTTACTGGGCGTAAAGGGTGCGTAGGTGGTTTCTTAAGTCAGGAGTGAAAGGCTACGGCTCAACCGTAGTAAGC	-0.6249166703417846	-0.2254369977395969	-1.3947145573816	1.3217637495815069	-0.8048439479644651	0.6290133820508022	0.11672330855138036
TACGGAGGGTGCAAGCGTTAATCGGAATTACTGGGCGTAAAGCGCACGCAGGCGGTTGATTGAGTCAGATGTGAAATCCCCGGGCTTAACCCGGGAATTG	-0.9385465359881469	0.822642016084866	0.21890292241957798	0.8415274427949697	0.9487139873926287	0.6018796192143459	0.10545844792134496
TACGTAGGTGGCAAGCGTTGTCCGGATTTACTGGGCGTAAAGGGAGCGTAGGCGGATGTTTAAGTGGGATGTGAAATACTCGGGCTCAACTTGAGTGCTG	1.341299953441327	0.8897165384609265	-1.546602927895516	0.36118626163595025	-0.30532364614561747	1.7361073718998927	1.6522014832378122
TACGTAGGTGGCGAGCGTTGTCCGGATTTACTGGGCGTAAAGGGAGCGTAGGCGGACTTTTAAGTGAGATGTGAAATACCCGGGCTCAACTTGGGTGCTG	-0.06600010158568193	0.8454042699653668	1.1735158331671052	-1.7564193053425043	-1.2603425241287107	1.2332694010470409	-0.575005283367565
TACGTAGGGAGCGAGCGTTATCCGGATTTACTGGGTGTAAAGGGCGTGTAGGCGGGGAAGCAAGTCAGATGTGAAAACCAGTGGCTCAACCACTGGCCTG	0.6734761619374199	0.2969238635618252	0.11442325189497993	2.1038230614482676	-1.8944925523574705	0.09610625371675585	-0.5714385414242056
TACGTAGGGGGCGAGCGTTATCCGGATTCATTGGGCGTAAAGCGCGCGTAGGCGGCCCGTCAAGCGGAACCTCTAACCCGAGGGCTCAACCCCCGGTCGG	-0.7706295228198119	1.2578692909795803	-1.0301379792413412	-0.8627949996174067	-0.37740235097960184	-0.22821930780668076	0.3128066158176157
TACGTAGGGGGCAAGCGTTGTCCGGAATAATTGGGCGTAAAGGGCGCGTAGGCGGCTCGGTAAGTCTGGAGTGAAAGTCCTGCTTTTAAGGTGGGAATTG	0.5521605634495668	0.6078434464056057	-0.701040946694345	-0.4208512349308222	-0.23977021940306376	-1.1509244812991124	-0.2862830066799429
AACGTAGGTCACAAGCGTTGTCCGGAATTACTGGGTGTAAAGGGAGCGCAGGCGGGAAGACAAGTTGGAAGTGAAATCTATGGGCTCAACCCATAAACTG	-0.15516340496092607	-0.384290528623386	0.4928982324877085	0.4358561293899328	-0.6459123349960203	0.8811594472859401	-0.6889778280376699
TACGTAGGTGGCGAGCGTTATCCGGAATCATTGGGCGTAAAGAGGGAGCAGGCGGCAATAGAGGTCTGCGGTGAAAGCCTGAAGCTAAACTTCAGTAAGC	-0.35560846092253495	1.903427886636929	0.47450832202818916	0.18609869049184624	2.3576417707626462	-0.5969691647555333	-0.7226817512630728
TACGTAGGTGGCAAGCGTTGTCCGGATTTATTGGGCGTAAAGCGAGCGCAGGCGGTCAATTAAGTCTGATGTGAAAGCCCCCGGCTCAACCGGGGAGGGT	-0.49676322700529774	-0.23117609056644017	0.5416203804292978	-0.28656101657755073	-0.4175647950942869	1.7443912850354213	-1.810230007183483
TACGTAGGGCGCGAGCGTTGTCCGGAATTATTGGGCGTAAAGAGCTTGTAGGCGGTTTGTCGCGTCTGCTGTGAAAGGCCGGAGCTTAACTCCGTGTATT	-1.2085062241747924	0.496757793100552	0.07347122505095527	0.7270641730844289	0.7749534689609652	-1.0885463131930333	0.4033488726497385
TACGGAAGGTCCAGGCGTTATCCGGATTTATTGGGTTTAAAGGGAGCGTAGGCTGGAGATTAAGTGTGTTGTGAAATGTAGACGCTCAACGTCTGAATTG	0.5909416103169374	-1.2224195722024875	-2.063235723229379	-0.37188613845712837	-0.26074700124815653	-1.2972922696139317	-0.18255316258662013
TACGTAGGGGGCAAGCGTTATCCGGATTCATTGGGCGTAAAGCGCTCGTAGGCGGTCTGTTAGGTCGGGAGTTAAATCCGGGGGCTCAACCCCCGTTCGC	0.42039662836045544	0.7121812578756375	-0.7325237624368377	1.1023174183189184	2.372849895877087	-0.3191181792284947	-0.8744845295070913
TACGTAGGGTGCAAGCGTTGTCCGGAATTACTGGGCGTAAAGAGCTCGTAGGTGGTTTGTCACGTCGTCTGTGAAATTCCACAGCTTAACTGTGGGCGTG	0.5057898187443666	-1.8958011392038303	-0.545069061966867	-0.47506130172617134	0.22196246616288473	-0.866779126074503	-0.7769454622387197
TACGTATGTCACGAGCGTTATCCGGATTTATTGGGCGTAAAGCGCGTCTAGGTGGTTATGTAAGTCTGATGTGAAAATGCAGGGCTCAACTCTGTATTGC	-0.20943975212126453	-0.5581980470102268	-1.2074558369836508	-1.0687286896885126	0.5507937215988283	0.26207729444246475	0.02345789431340428
TACGTAGGTGGCAAGCGTTGTCCGGATTTATTGGGCGTAAAGCGAGCGCAGGCGGAAGAATAAGTCTGATGTGAAAGCCCTCGGCTTAACCGAGGAACTG	0.13545984266251843	-0.22446568044833715	0.8146601982393555	2.2787505345165044	0.8359642171089297	1.9671063052151694	0.7961321121335718
TACGTAGGTGGCAAGCGTTGTCCGGAATTATTGGGCGTAAAGGGCGCGCAGGCGGCTTCTTAAGTCTGTCTTAAAAGTGCGGGGCTTAACCCCGTGATGG	-1.0488535142138558	1.4946333345491452	-2.1359574429712005	-0.2659466905773371	0.39789242975159933	-0.9505505932833662	1.5308914279819223
TACGGAAGGTCCGGGCGTTATCCGGATTTATTGGGTTTAAAGGGAGCGTAGGCCGGAGATTAAGCGTGTTGTGAAATGTAGACGCTCAACGTCTGCACTG	-0.3762871003344612	1.5976626750547451	1.3116568692007355	-0.4802557273090571	-0.07579080827788065	2.6035917626355185	0.1483140087009165
TACGTAGGGGGCAAGCGTTATCCGGATTTACTGGGTGTAAAGGGAGCGTAGACGGAAGAGCAAGTCTGATGTGAAAGGCTGGGGCTTAACCCCAGGACTG	-1.0461596226885872	1.1022528436500592	0.919481619445353	0.0113563494502813	-1.0541414476211424	0.11604341134767715	0.17784393786198827
TACGGAAGGTTCGGGCGTTATCCGGATTTATTGGGTTTAAAGGGAGCGTAGGCCGTTTGGTAAGCGTGTTGTGAAATGTAGGAGCTCAACTTCTAGATTG	0.696832122783368	-0.4077666524332004	-0.5508991114816366	-0.3390338463962763	-0.480594441967761	0.49105622634630386	-0.6021071577190664
TACGTAGGGAGCGAGCGTTGTCCGGAATTACTGGGTGTAAAGGGAGCGTAGGCGGGATCGCAAGTCAGATGTGAAAACTATGGGCTTAACCCATAAACTG	-0.8247334933474608	0.7052040871698422	1.5440238483228983	1.6167958335696966	-0.5304996228988523	-0.02048591509122666	-0.8112783336757925
TACGTAGGGCGCAAGCGTTGTCCGGAATTATTGGGCGTAAAGAGCTCGTAGGCGGCTGGTCGCGTCTGTCGTGAAAACTTCCGGCTCAACCGGGGGCTTG	-1.5882784104540892	0.11425958839245265	-0.3431124322137542	-0.25772160722620185	0.515525832099164	2.3009258137677207	-0.2329411411403921
TACGTATGGTGCAAGCGTTATCCGGATTTACTGGGTGTAAAGGGAGCGCAGGCGGTGCGGCAAGTCTGATGTGAAAGCCCGGGGCTCAACCCCGGTACTG	0.1919103884503297	0.19437895980663722	-0.44173427745911553	-0.6659046454609125	-0.7548354125793333	1.269405871782114	0.584106216418812
TACGTAGGTGGCAAGCGTTGTCCGGATTTATTGGGCGTAAAGCGAGCGCAGGCGGATTGATAAGTCTGATGTGAAAGCCTTCGGCTCAACCGAAGAACTG	-0.6563320136263915	-0.09669024976901586	-0.21505328342530117	-0.06511444284326728	-0.463130161839282	1.1025645659897823	-0.6437042856334951
TACGTAGGGCGCGAGCGTTGTCCGGAATTATTGGGCGTAAAGGGCTTGTAGGCGGTTGGTCGCGTCTGCCGTGAAATCCTCTGGCTTAACTGGGGGCGTG	1.1742731132909707	-0.5995642665307956	0.27248797490981147	0.9792922096072942	0.33622266284867575	-0.8006009234454137	0.04206700085408421
TACAGAGGGTGCAAGCGTTAATCGGATTTACTGGGCGTAAAGCGCGCGTAGGCGGCTAATTAAGTCAAATGTGAAATCCCCGAGCTTAACTTGGGAATTG	-0.5825917697146483	-0.31483931574039037	0.17883411720183418	-0.07014680339700874	-2.144920752125537	1.2198829503391284	-0.5478372478603628
TACGGAAGGTCCGGGCGTTATCCGGATTTATTGGGTTTAAAGGGAGCGTAGGCCGGAGATTAAGCGTGTTGTGAAATGTAGATGCTCAACATCTGAACTG	0.11692327497453014	0.18234937158413356	-1.7388579480371176	-2.0168405814350336	1.6183322810356264	0.40350856647234146	-0.319905390751293
TACGGAAGGTTCGGGCGTTATCCGGATTTATTGGGTTTAAAGGGAGCGTAGGCCGTTTGGTAAGCGTGTTGTGAAATGTAGTAGCTCAACTTCTAGATTG	1.4023026251599235	1.1516447391826672	-1.1409182183465658	-2.4328132910907954	-0.25986199148253153	-0.8817408455874425	-0.8092082643627432
TACAGAGGGTGCGAGCGTTAATCGGATTTACTGGGCGTAAAGCGTGCGTAGGCGGCTAATTGAGTCGGATGTGAAATCCCCGAGCTTAACTTGGGAATTG	0.6231049322888307	-1.1079879525583225	-1.1527335278711028	2.390396590691737	-2.0271989560897703	0.6851114259694118	-2.9147117042660033
TACGTAGGGCGCGAGCGTTGTCCGGAATTATTGGGCGTAAAGAGCTCGTAGGCGGCTGGTCGCGTCTGTCGTGAAATCCTCTGGCTTAACTGGGGGCTTG	-0.0040638423159666814	0.09295629230328029	-0.36777659580323174	-0.5269881529987543	1.4735947095577364	-2.964667595770549	0.32876915692097874
TACGTAGGGGGCAAGCGTTATCCGGATTTACTGGGTGTAAAGGGAGCGTAGACGGCATGGCAAGCCAGATGTGAAAGCCCGGGGCTCAACCCCGGGACTG	2.7724978947445797	1.1590011295396847	0.41753739788916633	0.14426946209066216	1.8575021766845827	1.3420137392018336	1.0312833732248041
TACGGAAGGTCCGGGCGTTATCCGGATTTATTGGGTTTAAAGGGAGCGTAGGCCGCCAGGTAAGCGTGTTGTGAAATGTACCGGCTCAACCGGTGAATTG	0.346679272632306	-1.5067713979165989	-1.9137346379480071	-0.06119883491403755	0.9880896650974398	0.052822195145894035	-0.33716868401758937
TACGGAGGGTGCGAGCGTTAATCGGAATAACTGGGCGTAAAGGGCACGCAGGCGGTTATTTAAGTGAGGTGTGAAAGCCCCGGGCTTAACCTGGGAATTG	0.5904811048314027	-0.5401547673623996	-0.9436288706979452	0.6445291893302709	-0.8166649795348997	0.07106050119142715	0.10251308439976903
TACGTAGGGTGCGAGCGTTGTCCGGAATTACTGGGCGTAAAGAGCTCGTAGGTGGTCTGTCGCGTCATTTGTGAAAGCCCGGGGCTTAACTCCGGGTTGG	-1.0116790509417601	0.2996161457616848	-0.15598257705780938	-1.165084008711645	-1.3480917669113035	-0.9444907082583409	-1.0827987098812368
TACGGAAGGTCCAGGCGTTATCCGGATTTATTGGGTTTAAAGGGAGCGTAGGCGGATTATTAAGTCAGTGGTGAAAGACGGTGGCTCAACCATCGTTAGC	-0.9419749951556273	-1.5380800488870578	-1.6750795476159759	-0.5388900084675043	0.07629455558701803	-2.6124771012331953	-0.3171316290020254
TACGTAGGTGGCAAGCGTTGTCCGGATTTATTGGGCGTAAAGCGAGCGCAGGCGGTTCCTTAAGTCTGATGTGAAAGCCCCCGGCTCAACCGGGGAGGGT	-0.6700878119662361	-1.002327752439304	0.27111355140593574	-1.3562408728779047	0.051109864634717006	0.33410003051500503	-0.9122623109936026
TACGGAGGATCCGAGCGTTATCCGGATTTATTGGGTTTAAAGGGAGCGTAGGTGGACTGGTAAGTCAGTTGTGAAAGTTTGCGGCTCAACCGTAAAATTG	0.6043714308545045	0.08057342735119288	2.602905429152518	0.9335051731883794	-0.11089973218992899	1.5999932812188167	1.7335649824023935
TACGTAGGGGGCGAGCGTTGTCCGGAATTACTGGGCGTAAAGGGAGCGTAGGCGGTCGATTAAGTTAGATGTGAAACCCCCGGGCTTAACTTGGGGACTG	1.0574762937977953	0.633291053446011	-0.8378193013391204	1.8270105080425054	-1.037123606282031	-1.1665587796236974	0.28873754500157567
TACGTATGTCACAAGCGTTATCCGGATTTATTGGGCGTAAAGCGCGTCTAGGTGGTTATATAAGTCTGATGTGAAAATGCAGGGCTCAACTCTGTATTGC	-0.30849730731993485	-0.37845153841189916	-0.4537726275644012	0.955883975487879	-0.04813544519499491	-0.8554604424502354	-1.3414156341671255
TACGTAGGGCGCGAGCGTTGTCCGGAATTATTGGGCGTAAAGGGCTTGTAGGCGGTTGGTCGCGTCTGCCGTGAAATTCTCTGGCTTAACTGGGGGCGTG	-0.1111857867434578	-1.4108789685647922	-0.25867601558777764	0.9647688822566778	0.6629517816726809	-0.5716573370959264	0.21194494723088475
TACGTAGGGCGCGAGCGTTGTCCGGAATTATTGGGCGTAAAGGGCTCGTAGGCGGTTTGTCGCGTCTAGCGTTTAAGGCTCGGGCTTAACCCGGGTTTGC	-1.9685565209582396	0.26898782220669215	0.4017424948492341	0.504958476287058	1.709850623530591	0.764019213769247	-0.3430485630153921
TACGTAGGGAGCAAGCGTTGTCCGGATTTACTGGGTGTAAAGGGTGCGTAGGCGGCTTTGCAAGTCAGATGTGAAATCTATGGGCTCAACCCATAGCCTG	1.5041295909687928	-0.5957928422372776	-0.5714287392816253	0.3140912012874395	-0.7837121940429563	-1.2280373944308263	0.33947236298329564
TACAGAGGTCTCAAGCGTTGTTCGGAATCACTGGGCGTAAAGCGTGCGTAGGCTGTTTCGTAAGTCGTGTGTGAAAGGCGCGGGCTCAACCCGCGGACGG	2.2045637392804074	0.5800125178415341	0.1392105586805643	0.34132849739187066	1.885402097624982	1.8182719574902553	2.16506839751012
TACGGAGGGTGCAAGCGTTACTCGGAATCACTGGGCGTAAAGGACGCGTAGGCGGATTATCAAGTCTCTTGTGAAATCCTATGGCTTAACCATAGAACTG	-2.5505951619341927	0.47079234090633815	0.04108104780104682	-0.10775316192514595	0.7579076730434542	-1.068920649435709	-0.13319694043391017
TACGAAGGGGGCAAGCGTTGTTCGGAATTACTGGGCGTAAAGGGTGTGTAGGCGGATTTGTAAGATAGTGGTGAAATACCTGAGCTCAACTTAGGAATTG	0.8265776955887727	-0.5422106507699924	-0.29768737480256036	-0.19536483718759712	-2.1945389962966795	1.3518574462864885	-1.5649804973720816
TACGGAGGATTCAAGCGTTATCCGGATTTATTGGGTTTAAAGGGTGCGTAGGCGGTTTGATAAGTTAGAGGTGAAATTTCGGGGCTCAACCCTGAACGTG	1.0910341078780643	-0.24812693628482396	0.5622861750402741	0.14697461889379326	-0.35273544557646463	0.29912122354250137	-1.5069556141018179
TACGTATGGAGCAAGCGTTATCCGGATTTACTGGGTGTAAAGGGAGTGTAGGTGGCCATGCAAGTCAGAAGTGAAAATCCGGGGCTCAACCCCGGAACTG	1.3535297238633088	1.2127573069650692	0.23583439662840977	-0.11178082658655342	-1.7587713456924314	0.050880156609823146	-1.1482741737484243
AACGTAGGGTGCAAGCGTTGTCCGGAATTACTGGGTGTAAAGGGAGCGCAGGCGGACCGGCAAGTTGGAAGTGAAAACTATGGGCTCAACCCATAAATTG	-0.35812234642058094	-0.13572223219088997	0.4421517617979349	0.14874660537832085	0.39323534004136373	0.5605246649716396	-0.15928982735865382
TACGTAGGTGGCAAGCGTTATCCGGATTTATTGGGCGTAAAGCGAGCGCAGGCGGTTTTTTAAGTCTGATGTGAAAGCCCTCGGCTTAACCGAGGAAGTG	0.9103800380036287	-0.1807174209039646	1.699091172961264	1.3404556469737798	1.3601081215564852	0.6805320607159633	-0.08884119034998683
TACGGAGGGTGCAAGCGTTAATCGGAATTACTGGGCGTAAAGCGCACGCAGGCGGTCAATTAAGTCAGATGTGAAAGCCCCGAGCTTAACTTGGGAATTG	0.7861173772618226	1.4466184255201382	0.0064180858412079544	0.05069070623510186	-2.0609306550796385	0.1704657898877162	0.5203297233463022
TACGTAGGGGGCTAGCGTTGTCCGGAATCACTGGGCGTAAAGGGTTCGCAGGCGGAATAACAAGTCAGATGTGAAAGGCATGGGCTCAACCCATGTAAGC	-0.9446119046404906	-1.1134813550394016	0.8299021531806581	-0.5176004214466303	0.22711206905289938	-2.2712130917574873	0.5501411652446482
TACGTAGGTGGCAAGCGTTATCCGGAATTATTGGGCGTAAAGCGCGCGTAGGCGGTTTTTTAAGTCTGATGTGAAAGCCCACGGCTCAACCGTGGAGGGG	-1.3193985200121956	-0.5299176696222263	1.9353419907369913	0.3147548990070135	-1.3903016305740232	0.10351093873720352	-1.4226095581173208
TACGTAGGTGGCAAGCGTTGTCCGGAATTATTGGGCGTAAAGCGCGCGCAGGCGGATCAGTCAGTCTGTCTTAAAAGTTCGGGGCTTAACCCCGTGAGGG	0.5114002847477845	0.7821583774406475	-1.4750501744470306	0.10190796421163384	0.9387999021236544	1.0103671328757304	0.8290533518672678
TACGTAGGTGGCAAGCGTTGTCCGGATTTACTGGGTGTAAAGGGCGTGCAGCCGGGAATGCAAGTCAGATGTGAAATCCATGGGCTTAACCCATGAACTG	0.20487004754990767	-0.5540999892633396	-0.06134977266404107	-0.747845534819433	-0.6081487394149656	-0.4051274432208043	1.1922564601779673
TACGTAGGTGGCGAGCGTTATCCGGAATTATTGGGCGTAAAGAGGGAGCAGGCGGCACTAAGGGTCTGTGGTGAAAGATCGAAGCTTAACTTCGGTAAGC	-0.5371736264422484	1.4900405284482998	1.2314018078127207	-1.1482490344227045	0.1002124094192629	-0.07413617506284531	-0.9875435733913687
TACGGAGGATGCGAGCGTTATCCGGAATTATTGGGTTTAAAGGGTGCGTAGGTTGCAAGGGAAGTCAGGGGTGAAAAGCTGTAGCTCAACTATGGTCTTG	0.3784062886044426	0.15927760568447535	0.6674619384088807	-0.9235765977085322	0.5830144726459627	-0.07810298338193711	1.0904072767377588
TACGGAAGGTCCGGGCGTTATCCGGATTTATTGGGTTTAAAGGGAGTGTAGGCGGCCTGTTAAGCGTGTTGTGAAATGTAGATGCTCAACATCTGAACTG	1.00795393673629	0.2126030799467129	-2.342278682442636	0.0003551797687322278	0.8545670800630694	-1.5832600964571935	-1.1953139209865835
TACGGAGGGTGCAAGCGTTACTCGGAATCACTGGGCGTAAAGGGTGCGTAGGTGGATTATCAAGTCTCTTGTGAAATCTAATAGCTTAACTATTAAATTG	-1.022282240410144	-0.10223407777957494	-1.4056148163995452	0.7209933319806368	0.9852119081442003	-0.5540769471194249	-1.0790977382778433
TACGGAGGGTGCAAGCGTTAATCGGAATCACTGGGCGTAAAGCGCACGTAGGCGGCTTGGTAAGTCAGGGGTGAAATCCCACAGCCCAACTGTGGAACTG	-0.2938665127947875	0.11436997619457667	0.06943926885512397	-1.1131488127887934	-1.3275868154342527	-0.4485161675478917	0.26241839884526463
TACGTAGGGGGCTAGCGTTATCCGGAATTACTGGGCGTAAAGGGTGCGTAGGTGGTTTCTTAAGTCAGAGGTGAAAGGCTACGGCTCAACCGTAGTAAGC	-0.2902739024355956	-0.6695532325189548	-1.7463297478875814	-0.2800574941814631	-0.6390725827987547	-0.38163236513395127	0.590372542131016
TACGTAGGTCCCGAGCGTTGTCCGGATTTATTGGGCGTAAAGCGAGCGCAGGCGGTTTAATAAGTCTGAAGTTAAAGGCAGTGGCTTAACCATTGTTCGC	0.9682552465602807	-0.17075951131991918	1.1179357238092722	-0.3675155682743281	3.343893363398755	0.4639802204106349	1.029256506103346
TACGTAGGTGGCAAGCGTTATCCGGATTTATTGGGCGTAAAGCGAGCGCAGGCGGTTGCTTAGGTCTGATGTGAAAGCCTTCGGCTTAACCGAAGAAGTG	1.3822218203350953	0.1485946652013821	0.0017488367834390672	1.1246426360427648	-1.6027731157119627	-0.6562072409655553	1.0369918292642328
TACGTATGGTGCAAGCGTTATCCGGATTTACTGGGTGTAAAGGGAGCGTAGACGGTTGTGTAAGTCTGATGTGAAAGCCCGGGGCTCAACCCCGGGACTG	0.022806289176648065	0.023820030363277844	1.190729267148047	0.29009556339376275	-0.07335762746885965	1.0303207860920924	0.1858874058604929
TACGTATGGTGCAAGCGTTATCCGGATTTACTGGGTGTAAAGGGAGCGTAGACGGAGTGGCAAGTCTGATGTGAAAACCCGGGGCTCAACCCCGGGACTG	2.6282318854138302	-0.3782011989038425	1.1440451212206186	-1.33186519576914	0.22210867635651876	0.5974024163220424	-0.5865137481807974
TACGTAGGTGGCAAGCGTTGTCCGGATTTACTGGGCGTAAAGGGAGCGTAGGTGGATATTTAAGTGGGATGTGAAATACCCGGGCTTAACCTGGGTGCTG	1.1830076971456451	0.8064213570673031	0.3927595980444245	-1.7313464923084467	0.056206180972302455	-1.171957053091715	0.9352837113917563
TACGTAGGGTGCGAGCGTTAATCGGAATTACTGGGCGTAAAGGGTGCGCAGGCGGTTGAGTAAGACAGATGTGAAATCCCCGAGCTTAACTCGGGAATGG	0.5031629228398256	-0.5980896476190525	-1.302016460152597	0.7006240276365787	-0.564727947788989	-0.5921696795489293	-0.9588477516292837
TACGTAGGGGGCAAGCGTTATCCGGATTTACTGGGTGTAAAGGGAGCGTAGACGGACGGGCAAGTCTGATGTGAAAGCCCGGGGCTTAACCCCGGGACTG	-0.3907144046023445	-0.1559744599740931	0.66627416685012	1.3498883204280645	-1.0028118348892088	1.4304761217568416	-0.07924579621546535
TACGTAGGTGGCAAGCGTTGTCCGGATTTACTGGGTGTAAAGGGCGTGCAGCCGGGTCTGCAAGTCAGATGTGAAATCCATGGGCTCAACCCATGAACTG	-0.8606212115481444	0.05130206313915675	0.588573328403502	0.040650959473779835	-1.8587071157272215	0.19154181346636	-0.47620510102503566
TACGTAGGGCGCGAGCGTTGTCCGGAATTATTGGGCGTAAAGAGCTTGTAGGCGGTTTGTCGCGTCTGCTGTGAAAGGCCGGGGCTTAACTCCGTGTATT	-0.5846410966113167	0.22863213983364528	-0.5863871209344573	0.025383646947076954	1.8016566180412417	0.06234439477663134	0.5045933520675394
TACGTAGGTGGCGAGCGTTATCCGGATTTACTGGGCGTAAAGGGAGCGTAGGCGGATGATTAAGTGGGATGTGAAATACCCGGGCTCAACTTGGGTGCTG	0.006274464111035272	-0.18384869131259496	0.2877190478124909	-1.2327750964344233	1.0881779336158877	1.550094835612585	1.515936563003132
TACGGAAGGTCCGGGCGTTATCCGGATTTATTGGGTTTAAAGGGAGCGTAGGCTGTCTATTAAGCGTGTTGTGAAATATACCGGCTCAACCGGTGGCTTG	-0.5916044688418456	-1.5362613919656711	-1.2614829175195394	0.4410133765756399	-0.024531290608202916	-0.3275198115374556	0.3501088118434641
TACGTATGGTGCAAGCGTTATCCGGATTTACTGGGTGTAAAGGGAGCGTAGGTGGCAAGGCAAGCCAGAAGTGAAAACCCGGGGCTCAACCGCGGGATTG	-2.3028670525744515	-0.2850739482324558	0.7141481779494585	0.5113123165189535	0.24419422380372335	0.6522602067921657	-0.9144709015011099
TACGGAGGATCCGAGCGTTATCCGGATTTATTGGGTTTAAAGGGTGCGTAGGCGGCCTTTTAAGTCAGCGGTGAAAGTCTGTGGCTCAACCATAGAATTG	2.730460288505261	0.39976434675045436	-0.13723333999726162	0.6367803135632784	-1.2467679239089842	0.42959942683916186	0.31589318274266454
TACGTATGGTGCAAGCGTTATCCGGATTTACTGGGTGTAAAGGGTGAGTAGGCGGTTATGCAAGTCATATGTGAAATTCTGGGGCTCAACTTCAGAGCTG	0.8453959250256462	-1.8394215825479465	-0.6105507247171111	0.4853628532707006	-1.3516926027114744	0.22133412227373306	0.08490229605443211
TACGTAGGTGGCGAGCGTTGTCCGGAATTATTGGGCGTAAAGAGCATGTAGGCGGCTTAATAAGTCGAGCGTGAAAATGCGGGGCTCAACCCCGTATGGC	0.3231506967350892	-1.8139942410867649	1.459301329401999	0.5069992797195226	-0.05221109159544657	0.3135608659718532	-1.0019595527767446
TACGTAGGTGGCAAGCGTTGTCCGGATTTACTGGGTGTAAAGGGCGTGCAGCCGGGCATGCAAGTCAGATGTGAAATCTCAGGGCTTAACCCTGAAACTG	-0.7804706073000984	0.6926447924692196	1.0472401894607835	-0.19281220867044624	0.22725655071183493	0.6128550396893511	-1.118727912914684
AACGTAGGTCACAAGCGTTGTCCGGAATTACTGGGTGTAAAGGGAGCGCAGGCGGGAAGACAAGTTGGAAGTGAAATCCATGGGCTCAACCCATGAACTG	-1.5605100369647094	-0.6774681332986789	1.478154576567679	0.10460495517843071	-0.7832972265060301	0.9006513582203883	1.0299841260791514
AACGTAGGTCACAAGCGTTGTCCGGAATTACTGGGTGTAAAGGGAGCGCAGGCGGGAGAACAAGTTGGAAGTGAAATCCATGGGCTCAACCCATGAACTG	0.2571410560414238	-0.7161188844125705	0.23642323091414497	1.4272131876765997	-1.6312376714523191	1.5621039496396083	1.3265009319663736
TACGTATGGTGCAAGCGTTATCCGGATTTACTGGGTGTAAAGGGAGCGTAGACGGATGGGCAAGTCTGATGTGAAAACCCGGGGCTCAACCCCGGGACTG	1.1247590096101208	-0.04488260778598363	0.14255575015929356	0.4003270523368627	0.6569217287723665	-0.1535090579058629	0.16087288616902562
TACGTAGGGGGCAAGCGTTATCCGGATTTACTGGGTGTAAAGGGAGCGTAGACGGTGTGGCAAGTCTGATGTGAAAGGCATGGGCTCAACCTGTGGACTG	1.6618747138783387	1.4638020273763699	0.09966424777892247	2.0464357094585215	1.051764419560576	-0.24366203680295762	0.9113697653890345
TACGGAGGATCCGAGCGTTATCCGGATTTATTGGGTTTAAAGGGAGCGTAGGCGGGTTGTTAAGTCAGTTGTGAAAGTTTGCGGCTCAACCGTAAAATTG	-0.06984603168516834	-0.19110543760470922	-1.4647240273675628	0.44177834258668724	-0.3624129749114866	0.14889129266481582	1.079267600762913
TACGTATGGAGCAAGCGTTATCCGGATTTACTGGGTGTAAAGGGAGTGTAGGTGGCCAGGCAAGTCAGAAGTGAAAGCCCGGGGCTCAACCCCGGGACTG	-0.8789770579531737	0.24094115463085597	0.4927414722719483	0.49760829971425835	-0.6009992814834471	1.941453717801381	-0.8808880949138906
TACGGAGGATGCGAGCGTTATCCGGATTTATTGGGTTTAAAGGGTGCGTAGGTGGTGATTTAAGTCAGCGGTGAAAGTTTGTGGCTCAACCATAAAATTG	1.1829213449165277	-0.8887079480569788	0.9745658554115595	-2.546086434859106	-1.3634442544753904	0.3121966944668788	0.464987347114155
TACGTAGGGAGCAAGCGTTATCCGGATTTATTGGGTGTAAAGGGTGCGTAGACGGGACAACAAGTTAGTTGTGAAATCCCTCGGCTTAACTGAGGAACTG	0.7575330757901124	-2.7362674001138636	1.169317162779837	-0.5548718018711298	1.0483651759822612	-2.0960684193636885	-0.13729547501795558
TACGTAGGGGGCAAGCGTTATCCGGAATTACTGGGTGTAAAGGGTGCGTAGGTGGTATGGCAAGTCAGAAGTGAAAACCCAGGGCTTAACTCTGGGACTG	-0.08454394104033192	-0.25665254625491674	-0.2748920552453695	-0.5926991744220942	-1.9876033521468992	-0.1574770583178502	-0.2256222868084219
TACGGAGGATCCGAGCGTTATCCGGATTTATTGGGTTTAAAGGGAGCGTAGGCGGATTGTTAAGTCAGTTGTGAAAGTTTGCGGCTCAACCGTAAAATTG	1.1412001313075475	-0.07825715574435765	0.6330554850378327	-2.5275877757251948	-0.842826411801135	0.9572502003644008	0.09660095928914281
AACGTAGGGTGCAAGCGTTGTCCGGAATTACTGGGTGTAAAGGGAGCGCAGGCGGGAAGACAAGTTGGAAGTGAAAACCATGGGCTCAACCCATGAATTG	-0.954718945045764	-0.7674275163095432	-0.8434670798501678	-0.7561554951847285	0.9284769140903597	0.08118697271089736	0.4262316918254587
TACGGAGGATGCGAGCGTTATCCGGATTTATTGGGTTTAAAGGGTGCGTAGGCGGTTTATTAAGTTAGTGGTTAAATATTTGAGCTAAACTCAATTGTGC	-0.4509884095385628	0.09899454084225123	-0.13618179485413506	-1.8192044539631098	1.073526261632586	-0.7509245051409703	0.29685748575932713
TACGTAGGGGGCAAGCGTTATCCGGATTTACTGGGTGTAAAGGGAGCGTAGACGGCAAGGCAAGTCTGATGTGAAAACCCAGGGCTTAACCCTGGGACTG	0.4400279545590333	-0.18606097730807836	-0.6250910393914877	0.4981533245860845	-0.34696202047423075	0.1421604977581996	-0.4909294748424795
TACGGAGGATGCAAGCGTTATCCGGATTTATTGGGTTTAAAGGGTGCGTAGGCGGCACGCCAAGTCAGCGGTGAAATTTCCGGGCTCAACCCGGACTGTG	-0.5590478158190795	-1.7381034615915256	1.1699487335958771	-0.5694922251880854	0.24656636945649435	0.735639326426794	-1.1671831512569693
TACGTAGGGGGCAAGCGTTATCCGGATTTACTGGGTGTAAAGGGAGCGTAGACGGCGCAGCAAGTCTGATGTGAAAGGCAGGGGCTTAACCCCTGGACTG	0.5062788748547487	-1.1253195527475315	-0.17473395988556817	-0.16151059104807075	-1.7479874349410887	-0.9349334610964757	-1.7188739681362417
TACGTATGGAGCAAGCGTTATCCGGATTTACTGGGTGTAAAGGGTGCGTAGGTGGCAGTGCAAGTCAGATGTGAAAGGCCGGGGCTCAACCCCGGAGCTG	1.1172458944276018	-0.7506062510889011	0.05412767007735386	-0.2874698682010859	-0.6593511558349485	0.7400087641213435	-0.7902681732296255
TACGTAGGTGGCAAGCGTTGTCCGGATTTACTGGGTGTAAAGGGCGTGTAGCCGGGAAGGCAAGTCAGATGTGAAATCCACGGGCTTAACTCGTGAACTG	-0.5007026171877937	1.1950847980100674	0.12947151735213325	-2.218857888716528	-1.1858517385299558	0.05263539418916885	-0.6274185085415152
TACGTATGGTGCAAGCGTTATCCGGATTTACTGGGTGTAAAGGGAGCGCAGGCGGTACGGCAAGTCTGATGTGAAAGCCCGGGGCTCAACCCCGGTACTG	-0.7509886002734252	-0.8437599662225681	-0.48252412006470635	0.7685274140655309	0.3290749334518557	-0.4000128878619176	0.2647956704974863
TACGTAGGGGGCAAGCGTTATCCGGATTTACTGGGTGTAAAGGGAGCGTAGACGGATGGACAAGTCTGATGTGAAAGGCTGGGGCTCAACCCCGGGACTG	-1.0159765458300658	0.28132687774486964	0.9082641743102364	0.7272621126591474	0.9110143624965792	0.2285030113194484	-0.8203636312603262
TACGGAGGATCCAAGCGTTATCCGGATTTATTGGGTTTAAAGGGTGCGTAGGCGGTTTGATAAGTTAGAGGTGAAATACCGGTGCTTAACACCGGAACTG	0.2906565093800477	0.511209058435635	-1.2910685174188323	-0.6028293414295405	-0.48337774046019266	-0.5662944687869054	0.3459439372897837
TACGGAGGATTCAAGCGTTATCCGGATTTATTGGGTTTAAAGGGTGCGTAGGCGGTTTGATAAGTTAGAGGTGAAATCCCGGGGCTTAACTCCGGAACTG	0.6297421181008263	-0.44785220655612523	-0.9822778336724944	-0.6254342837513178	-0.13103120096281717	0.45854117736559097	-0.7123682403682974
TACGGAGGATCCAAGCGTTATCCGGATTTATTGGGTTTAAAGGGTGCGTAGGCGGTTTAGTAAGTCAGCGGTGAAATTTTGGTGCTTAACACCAAACGTG	2.0108047151371884	-1.9918442490976291	-1.34680219814393	-0.34469962551004585	-0.1799248910720701	1.8527626024220485	-0.06894337178461818
TACGTAGGGAGCGAGCGTTGTCCGGAATGACTGGGTGTAAAGGGAGCGTAGGCGGGATGGCAAGTCAGATGTGAAACCTGAGGGCTCAACCTTCAGACTG	-0.6431956267550545	-0.36109216245822484	0.4178736276903452	0.8241154657422811	0.16811992160722067	-0.41852787866849717	-1.1384031677364614
TACGTAGGTGGCGAGCGTTGTCCGGATTTACTGGGCGTAAAGGGAGCGTAGGCGGATTTTTAAGTGAGATGTGAAATACTCGGGCTTAACCTGAGTGCTG	-0.5193537450030403	-0.5712830546777683	-0.5795427195748992	-1.0178124947727412	0.3730114840690737	1.5729546175930995	0.3441264128566477
TACGTAGGGGGCGAGCGTTGTCCGGAATTACTGGGCGTAAAGGGTGCGTAGGCGGTTTGGTAAGTTGGATGTGAAATACCCGGGCTTAACTTGGGGGCTG	0.3014692687794609	-0.5703374865930515	-1.7073099248132415	-0.5075871987522333	0.00413174859925558	-0.6614401711489659	-0.23408125878565578
TACGTAGGTGACAAGCGTTGTCCGGATTTACTGGGTGTAAAGGGCGCGTAGGCGGACTGTCAAGTCAGTCGTGAAATACCGGGGCTTAACCCCGGGGCTG	-0.7968226647570678	-0.21699709924869115	1.657834089545279	1.3912354664623052	-0.7583764053161497	-0.8329060448672276	-0.2352217340587881
TACGTAGGTGGCAAGCGTTGTCCGGATTTACTGGGTGTAAAGGGCGTGCAGCCGGGCCGGCAAGTCAGATGTGAAATCTGGAGGCTTAACCTCCAAACTG	0.14646083353013317	0.5342545386869473	0.016754067687064556	-0.3817734761417597	-0.20138399370268534	-1.0985947026278478	-1.3045127296566275
TACGTATGGTGCAAGCGTTATCCGGATTTACTGGGTGTAAAGGGAGCGCAGGCGGAAGGCTAAGTCTGATGTGAAAGCCCGGGGCTCAACCCCGGTACTG	-0.34182643653899003	0.03745202985592311	0.4467912085333161	-1.2958173794925898	0.3671338700477724	-1.6195447815920812	1.1241621470332834
TACGTAGGGAGCAAGCGTTATCCGGATTTACTGGGTGTAAAGGGCGCGCAGGCGGGCCGGTAAGTTGGAAGTGAAATCTATGGGCTTAACCCATAAACTG	-0.5680150962069579	-0.9937513593118625	1.7098351486006074	-1.7890690608204096	-0.058242485600268346	-1.310426987555216	0.4145355319858286
TACGGAGGATCCGAGCGTTATCCGGATTTATTGGGTTTAAAGGGTGCGTAGGCTGTTTTTTAAGTTAGAGGTGAAAGCTCGACGCTCAACGTCGAAATTG	0.41224622962922375	-0.5200591805856662	0.1542674072065653	-0.093760971564123	0.9162466966335421	-1.4694772137667647	-0.29948555470698146
TACGTAGGTGGCAAGCGTTGTCCGGATTTACTGGGTGTAAAGGGCGTGTAGGCGGAGATGCAAGTCAGATGTGAAATCCTCGGGCTTAACCCGGGAACTG	-0.5096610760882454	-0.8754869225900608	-0.6319399707040496	0.937823261481455	-1.8410886979873533	-0.5018514765765172	0.6862451827407572
TACGTAGGGGGCAAGCGTTATCCGGATTTACTGGGTGTAAAGGGAGCGTAGACGGCTGTGCAAGTCTGAAGTGAAAGGCATGGGCTCAACCTGTGGACTG	-1.097994682808216	-1.2633615258615452	0.9039733625927271	-1.500418309706518	-0.07577185400084208	-2.156886853125285	-0.10709940434687404
TACGTAGGGGGCAAGCGTTATCCGGATTTACTGGGTGTAAAGGGAGCGTAGACGGTTTTGCAAGTCTGAAGTGAAAGCCCGGGGCTTAACCCCGGGACTG	0.5218824171826295	-0.48067815336398656	0.48162982538130805	-1.5556708617389887	-1.4312447763259764	0.6583874450657863	-0.11053620816462306
TACGTAGGTGGCAAGCGTTATCCGGAATCATTGGGCGTAAAGGGTGCGTAGGTGGCGTACTAAGTCTGTAGTAAAAGGCAATGGCTCAACCATTGTAAGC	-1.3585804677203246	0.4794841286260647	0.3158361680784516	-0.24286008312112983	2.680889441889966	0.39526011810045425	1.567645320880482
TACGTAGGTGGCAAGCGTTATCCGGATTTACTGGGTGTAAAGGGCGTGTAGGCGGGATCGCAAGTCAGATGTGAAAACTGGAGGCTCAACCTCCAGCCTG	-1.1603099084094115	0.6463827368337673	-0.944390498848886	-0.13629442884332832	-1.3503479219253416	0.5473867879841814	1.0401077104986403
AACGTAGGGTGCAAGCGTTGTCCGGAATTACTGGGTGTAAAGGGAGCGCAGGCGGATTGGCAAGTTGGGAGTGAAATCTATGGGCTCAACCCATAAATTG	0.6768939220711641	1.0557300586719078	-0.15184273645493462	2.0142472939311773	-1.7838625169570799	-0.947335995581339	0.14132166861302586
TACGTAGGTGGCAAGCGTTGTCCGGATTTATTGGGCGTAAAGCGAGTGCAGGCGGCTCGATAAGTCTGATGTGAAAGCCTTCGGCTCAACCGGAGAATTG	-0.6761090731814452	-0.9931565049570041	0.6854761160888962	0.09677290485494439	0.6426829241935854	-0.4172788037325841	-1.2375221157192495
TACGTAGGGGGCGAGCGTTGTCCGGAATTATTGGGCGTAAAGCGCGCGCAGGCGGTCCCTTAAGTCTGATGTGAAAGCCCACGGCTCAACCGTGGAGGGT	0.04362559555024337	-1.6579452279489475	-3.0119266144952483	0.8564147906123907	-0.24250392683104227	-0.26513973608274277	-0.041269292843272964
TACGTAGGTGGCAAGCGTTGTCCGGATTTATTGGGCGTAAAGCGAGTGCAGGCGGTTCAATAAGTCTGATGTGAAAGCCTTCGGCTCAACCGGAGAATTG	1.705025734882061	-0.3954240802209812	-1.377443992348641	0.15700095461004082	1.3698811375324373	0.63908054694872	0.8038686311126444
TACAGAGGGTGCGAGCGTTAATCGGATTTACTGGGCGTAAAGCGTGCGTAGGCGGCTTATTAAGTCGGATGTGAAATCCCCGAGCTTAACTTGGGAATTG	0.24939525363892745	1.8549031492788357	0.46995056345847264	-0.8278799100101679	-0.06923024423674295	-0.2371153010394078	-1.0054142379879263
TACGTAGGTGGCAAGCGTTATCCGGATTTATTGGGCGTAAAGCGAGCGCAGGCGGTTTTTTAAGTCTGATGTGAAAGCCCTCGGCTTAACCGAGGAAGCG	-0.08481096984892567	-0.4725877765100437	0.9558427251854242	-1.8536094470203608	0.6206942342941408	1.226136289689352	0.8427809870124552
TACGTAGGGAGCAAGCGTTGTCCGGATTTACTGGGTGTAAAGGGTGCGTAGGCGGCTTTGCAAGTCAGATGTGAAATCTATGGGCTCAACCCATAAACTG	-0.5997815108492919	-1.4355264428537327	0.23618415668395176	1.3569233374416143	0.7171242379371767	-1.0214124096896153	0.23893911598927708
TACAGAGGTCTCAAGCGTTGTTCGGAATCACTGGGCGTAAAGCGTGCGTAGGCTGTTTCGTAAGTCGTGTGTGAAAGGCAGGGGCTCAACCCCTGGATTG	-0.8325550532534676	3.1583523031789826	1.2461521394529642	0.5606243269264013	-1.0390021062667723	1.7345148550007838	-0.3940234089016226
TACGTAGGTGGCAAGCGTTGTCCGGATTTACTGGGTGTAAAGGGCGTGTAGGCGGAGAAGCAAGTCAGAAGTGAAATCCATGGGCTTAACCCATGAACTG	-1.0230315900042601	-0.13976783785037483	0.546429253367454	0.5228588239967138	0.24099452726289083	-1.113795317557047	-0.49314724446528224
TACGTAGGGGGCGAGCGTTATCCGGATTCATTGGGCGTAAAGCGCGCGTAGGCGGCCCGGCAGGCCGGGGGTCGAAGCGGGGGGCTCAACCCCCCGAAGC	-0.7366195893481322	0.8448924448806805	-2.1145856015405364	-0.6567316098392695	0.7047944211189394	1.3252160923216838	0.9293117655695173
TACGGAGGGTGCAAGCGTTAATCGGAATTACTGGGCGTAAAGCGCGCGTAGGTTGTTTTGTAAGTCAGAGGTGTAATCCCACGGCTTAACCGTGGAACTG	0.5583282732769899	0.22095023361034816	-0.728148543091744	0.4613835321485311	0.600343092602933	-0.16556409731168564	0.5652946627021525
TACGTATGGAGCAAGCGTTATCCGGATTTACTGGGTGTAAAGGGAGTGTAGGTGGCATCACAAGTCAGAAGTGAAAGCCCGGGGCTCAACCCCGGGACTG	-1.3627830720141478	-0.29455323251895393	0.6037794716635041	-0.5886521382511347	-0.6190277791793699	1.4375046418641109	0.09287620543248387
TACGTAGGTGGCAAGCGTTGTCCGGATTTACTGGGTGTAAAGGGCGTGTAGGCGGAGCTGCAAGTCAGATGTGAAATCTCTGGGCTCAACCCAGAAACTG	-1.6692208028033324	-1.4805296185892063	-0.2238180272302328	0.6492517025887281	-1.237161562519824	-0.6896802557970982	1.034443656194279
TACGTAGGGAGCGAGCGTTATCCGGATTCATTGGGCGTAAAGAGCGCGTAGGCGGCCTCTCAAGCGGGATCTCTAATCCGAGGGCTCAACCCCCGGCCGG	-0.27870881320982654	-0.3643619540613132	-0.16864963695618584	0.2949985222636968	1.141205943447793	-0.1460348738696089	1.439526150214741
TACGTAGGTGGCAAGCGTTATCCGGAATTATTGGGCGTAAAGAGGGAGCAGGCGGCAGCAAGGGTCTGTGGTGAAAGCCTGAAGCTTAACTTCAGTAAGC	2.009326758365338	1.1139667060691876	1.5211632616796793	-1.1587368292988032	1.4582527720157747	1.195507001284172	0.9731908237815592
TACGTAGGGGGCAAGCGTTATCCGGATTTACTGGGTGTAAAGGGAGCGTAGACGGTTAAGCAAGTCTGAAGTGAAAGCCCGGGGCTCAACCCCGGTACTG	-0.6159665560916023	1.0649697509128613	0.4697832830229105	-0.7369990391910761	2.5305894159500246	0.10171564683656875	1.3227998113513681
TACGTAGGGAGCGAGCGTTATCCGGAATCATTGGGCGTAAAGAGCGCGTAGGCGGCCTCTCAAGCGGGATCTCTAATCCGAGGGCTCAACCCCCGGCCGG	-0.5309402919009276	-0.6365221265237766	0.7591091163435273	-0.2105492992580622	1.0231297940735464	0.06288429364900772	-0.7965927028774527
TACGTAGGTGGCAAGCGTTGTCCGGATTTACTGGGTGTAAAGGGCGTGTAGCCGGGAGGGCAAGTCAGATGTGAAATCCACGGGCTTAACTCGTGAACTG	-0.13745724918394764	1.1602292534429592	-1.2806222073754974	0.2673830346881658	-0.9269040084655638	-2.905590332892131	-1.1670203113674429
TACGTAGGTGGCAAGCGTTGTCCGGAATTATTGGGCGTAAAGAGCATGTAGGCGGGCTTTTAAGTCTGACGTGAAAATGCGGGGCTTAACCCCGTATGGC	-0.5700070834353523	1.7034730788785977	0.4933445222654633	-0.5118911309421748	-0.950376198368823	1.1070406438444147	-1.4510083103298452
TACGTAGGGGGCAAGCGTTATCCGGAATTACTGGGTGTAAAGGGTGCGTAGGTGGCATGGTAAGTCAGAAGTGAAAGCCCGGGGCTTAACCCCGGGACTG	-1.7045487141802864	0.7047105011064572	0.6094794787445359	1.3119974093257696	0.8949279182378893	0.07236834630708877	0.09880972861058446
TACGTAGGTGGCAAGCGTTGTCCGGATTTACTGGGTGTAAAGGGCGTGTAGCCGGGAAGGCAAGTCAGATGTGAAATCCACGGGCTCAACTCGTGAACTG	-1.4834898686602669	-0.4629054788034397	-0.73386593982789	-0.13309801055795845	-0.12266211278990458	-2.498514450934123	0.4117012119174692
TACGGAGGATCCAAGCGTTATCCGGATTTATTGGGTTTAAAGGGTGCGTAGGCGGTTTGATAAGTTAGAGGTGAAATACCGGGGCTCAACTCCGGAACTG	0.4227809333607606	-0.7065958503168064	0.9956046856918626	0.22111329005353753	0.8347761177246218	-1.200150526907633	-1.0789132022976187
TACGTAGGGGGCAAGCGTTATCCGGATTTACTGGGTGTAAAGGGAGCGTAGACGGTTTAGCAAGTCTGAAGTGAAAGCCCGGGGCTCAACCCCGGTACTG	0.3074111962124757	-1.844089579908176	0.26587412431624546	1.3487001614391119	-1.174321100788867	-0.9495666398074132	1.5321346020580027
TACGGAAGGTCCGGGCGTTATCCGGATTTATTGGGTTTAAAGGGAGCGTAGGCCGGAGATTAAGCGTGTTGTGAAATGTAGAGGCTCAACCTCTGCACTG	-0.8046290850833007	0.16160439220257228	0.710297539083034	0.8061479808508665	0.7073740803424959	-1.3660080803896895	-0.6512257957577017
TACGTAGGTGGCAAGCGTTGTCCGGATTTACTGGGTGTAAAGGGCGTGTAGCCGGGAGGGCAAGTCAGATGTGAAATCCACGGGCTCAACTCGTGAACTG	0.223330678920453	-0.6455112222116428	0.045959032324820015	0.7264782594262869	0.4361869835083132	0.18456336126070205	-1.3056917095302847
TACGTATGGTGCAAGCGTTATCCGGATTTACTGGGTGTAAAGGGTGCGTAGGTGGCAAGGCAAGTCTGAAGTGAAAATCCGGGGCTCAACCCCGGAACTG	-0.07235038044005204	0.380513417394833	0.10735908821013496	1.9237462239085947	0.0715636753265505	-1.0054576767947179	-0.04036079884760646
TACGTAGGGGGCAAGCGTTATCCGGATTTACTGGGTGTAAAGGGAGCGTAGACGGTAAAGCAAGTCTGAAGTGAAAGCCCGCGGCTCAACTGCGGGACTG	-0.7586541152194091	0.17954670158214991	0.7391286335864358	2.13161980674856	-1.825373575764453	1.3100543098185558	-0.07770644665949611
TACGGAGGATGCGAGCGTTATCCGGATTTATTGGGTTTAAAGGGTGCGTAGGCGGCACGCCAAGTCAGCGGTGAAATTTCCGGGCTCAACCCGGAGTGTG	-0.8595652556613036	0.7109613594133419	1.262535608557731	-0.9731916232288569	-0.5375091291244383	0.11646386251192276	-0.5974656248211172
TACGTAGGATGCAAGCGTTATCCGGATTTACTGGGTGTAAAGGGAGCGCAGGCGGGACTGCAAGTTGGATGTGAAATACCGTGGCTTAACCACGGAACTG	-1.2055822587206908	-0.6409900906961399	0.08984193876174018	0.44819740520112816	0.8585276298944597	-0.9369392766024571	-0.10715745927088527
TACGGAAGGTCCGGGCGTTATCCGGATTTATTGGGTTTAAAGGGAGCGTAGGCCGTGAGGTAAGCGTGTTGTGAAATGTAGGCGCCCAACGTCTGCACTG	0.8935752087637825	-0.4048763039987522	0.06842867210295722	-0.2597564501941889	-0.18811504610136698	1.8109749780629176	1.0767468383789751
TACGTAGGGTGCAAGCGTTATCCGGAATTATTGGGCGTAAAGGGCTCGTAGGCGGTTCGTCGCGTCCGGTGTGAAAGTCCATCGCTTAACGGTGGATCTG	0.1842963123127861	1.4824262734968228	-0.01448138877961025	-0.5284006638706416	1.733124926013196	2.4596409426663413	1.113516586113045
TACGTAGGTGGCGAGCGTTATCCGGAATGATTGGGCGTAAAGGGTGCGTAGGTGGCAGATCAAGTCTGGAGTAAAAGGTATGGGCTCAACCCGTACTGGC	-0.3665719008639403	0.23652415242977565	-0.15326591655823574	-1.427417878645727	-0.5637729621703977	-0.3650632275607091	-1.095052948009899
TACGTAGGGCGCAAGCGTTATCCGGATTTATTGGGCGTAAAGGGCTCGTAGGCGGCTCGTCGCGTCCGGTGTGAAAGTCCATCGCTTAACGGTGGATCTG	0.3223428153798036	2.304914879472928	1.1273693509378733	0.03612434433095757	1.111858743501151	0.17579372987489883	1.8760637736201975
TACGGAAGATGCGAGCGTTATCCGGATTTATTGGGTTTAAAGGGAGCGTAGGCGGGCTTTTAAGTCAGCGGTCAAATGCCACGGCTCAACCGTGGCCAGC	1.0865981144962884	-1.3735988858621555	-0.0012095801553435592	-1.0193293137729853	0.2220921062652712	-2.2914674653079024	-1.799370756161144
TACGTAGGGGGCAAGCGTTATCCGGATTTACTGGGTGTAAAGGGAGCGTAGACGGCGACGCAAGTCTGGAGTGAAAGCCCGGGGCCCAACCCCGGGACTG	0.017181279639904012	0.7864341911394161	-0.8647575013360687	1.142864342194727	-1.376415417271411	-0.5176083220507603	-0.5738557481884268
TACGTAGGTGGCAAGCGTTGTCCGGAATTACTGGGTGTAAAGGGAGTGTAGGCGGGATATCAAGTCAGAAGTGAAAATTACGGGCTCAACTCGTAACCTG	-1.2502497410967894	-0.028650594083591052	-0.342715226860971	-1.8267020030201166	-0.1953759647186155	-0.8917765988375645	0.25350917338139745
TACGTAGGGAGCAAGCGTTGTCCGGATTTACTGGGTGTAAAGGGTGCGTAGGCGGCTAGGCAAGTCAGACGTGAAAACCATGGGCTCAACCTGTGGACTG	0.5576241040036134	0.601538854511456	-1.064931475373239	-0.20135546161539253	0.12724234096452047	-1.2725434674288731	-1.001456847202709
TACGTAGGGGGCAAGCGTTATCCGGATTTACTGGGTGTAAAGGGAGCGTAGACGGCATAGCAAGTCTGGAGTGAAAGCCCGGGGCTCAACCCCGGTACTG	-0.2155631756976204	0.10949562755413478	0.599556586889296	-2.721565131682226	1.2175848477308397	1.0171293394301433	-0.3530254268764761
TACAGAGGTCTCAAGCGTTGTTCGGAATCACTGGGCGTAAAGCGTGCGTAGGCGGTTTCGTAAGTCGTGTGTGAAAGGCGGGGGCTCAACCCCCGGACTG	0.24147641895264815	1.259957450302319	0.2627503640928559	1.221948678952387	-0.557916448193347	1.269571639749814	-1.3945507907985952
TACGTAGGGAGCGAGCGTTGTCCGGATTTACTGGGTGTAAAGGGTGCGTAGGCGGATTGGCAAGTCAGAAGTGAAATCCATGGGCTTAACCCATGAACTG	-0.16185724498778065	0.28967242208309596	-0.11790760681244716	0.4388644503175527	-2.295722887593066	-2.453157938864421	0.2849361395717356
TACGTAGGGGACAAGCGTTGTCCGGAATGACTGGGCGTAAAGGGCGCGTAGGCGGTCTATTAAGTCTGATGTGAAAGGTACCGGCTCAACCGGTGAAGTG	-1.0533412671282845	1.0983365726191563	-0.4699631564340301	-0.323341254729101	-2.7058841443832273	0.9103032575581569	-1.2085654640316275
TACGTAGGTGGCAAGCGTTGTCCGGAATTATTGGGCGTAAAGCGCGCGCAGGCGGTTTCATAAGTCTGTCTTAAAAGTGCGGGGCTTAACCCCGTGAGGG	1.5564270043179445	1.0078399403486422	0.6274043984690003	1.2432920889674932	-1.1531829095657224	1.9716605769131674	1.1005898511291239
TACGGAGGATCCAAGCGTTATCCGGATTTATTGGGTTTAAAGGGTGCGTAGGCGGCAGATTAAGTTAGAGGTGAAATTCCGAGGCTCAACCTTGGCACTG	0.9053517156645698	-0.44966120752505834	0.24648902490523383	1.1776592390357763	-0.4065139747436399	-0.14033821954984482	0.3657669520259592
TACGTAGGTGGCAAGCGTTATCCGGAATTACTGGGTGTAAAGGGAGCGCAGGCGGGATAGCAAGTCAGCTGTGAAAACTATGGGCTCAACCCATAAACTG	0.7250075363919182	-1.399950814573093	-0.30366130992981866	0.4503662841140539	-0.8562787032897825	-0.7747425211932164	-0.8500283861278799
TACGGAGGATGCAAGCGTTATCCGGATTTATTGGGTTTAAAGGGTGCGTAGGCGGCACGCCAAGTCAGCGGTGAAATTTTCGGGCTCAACCCGGACTGTG	0.24812102554291915	-1.7724774602334934	1.4540279276647858	-0.35672474338419136	-0.2624577737624998	-0.8046973122622472	0.3450213169933054
TACGTAGGGGGCGAGCGTTGTCCGGAATTACTGGGCGTAAAGGGTGCGTAGGCGGCAATTTAAGTTGGATGTGAAATACCCGGGCTTAACCTGGGGGGTG	-2.6219614720538216	0.7326125976163906	-0.649422489853829	0.949672456246546	0.6890884184066897	-0.5862188710238438	-0.026214828503063003
TACGGGGGATGCGAGCGTTATCCGGATTCATTGGGTTTAAAGGGTGCGTAGGCGGCCGAGTAAGTCAGCGGTGAAAGACCGGGGCTCAACCCTGGAAGTG	0.15876502035111617	-2.384581876127047	-1.310425245018929	-0.9515353484333247	0.17875237695618917	-1.9857924355532628	0.40692640303380223
TACGTAGGGGGCAAGCGTTATCCGGAATTACTGGGTGTAAAGGGTGCGTAGGCGGCGATTTAAGTCAGATGTGAAAACTCAGGGCTCAACCTTGAGACTG	-2.043120739479358	-0.08272202047519261	-0.8020871512613006	-0.27847892476923164	0.3396104716484194	-1.6220062150027257	1.0529257973910067
TACGTAGGGGGCGAGCGTTATCCGGAATTATTGGGCGTAAAGAGTGCGTAGGTGGCTTTTTAAGCGCGGGGTTTAAGGCAATGGCTTAACCATTGTTCGC	-0.4389269328311034	-0.7146862271707493	-1.4499756924829192	0.82920059130781	-0.30207841165617655	-0.8164611233736982	-1.2024993801235464
TACGGAGGATGCGAGCGTTATCCGGATTTATTGGGTTTAAAGGGAGCGCAGACGGGACTTTAAGTCAGCTGTGAAATTTTCCGGCTCAACCGGGAAACTG	-0.29044866325407703	1.0188873213250202	1.28445283248809	-0.5231516404331416	0.39169998399659445	-0.4362863673235875	0.5683115815997812
TACGGGGGGTGCAAGCGTTGTCCGGAATCATTGGGTGTAAAGCGTTCGTAGGCGGCACGTCAAGTTTGGTGTCAAAGCCCGGGGCTCAACTCCGGTTCGG	1.4301550411984367	-0.3819113496225315	-2.3550312154016204	0.19536432192914788	0.39462067119523336	-0.6030887736346227	-3.6072235012172973
TACGGAGGATCCAAGCGTTATCCGGATTTATTGGGTTTAAAGGGTGCGTAGGCGGTTAGATAAGTTAGAGGTGAAATTCCGGTGCTTAACACCGGCGCTG	-0.3313250518038817	-1.3742702725809055	1.2982288964071564	-0.5057290835560053	-1.3567299104507322	0.0875255690548915	-0.5142278576015737
