featureid	Intercept	"C(birth_mode_ms, Treatment(""Vag""))[T.CS]"	"C(birth_mode_ms, Treatment(""Vag""))[T.CSseed]"	country[T.PuertoRico]	country[T.Spain]	country[T.USA]
TACGGAGGATCCGAGCGTTATCCGGATTTATTGGGTTTAAAGGGAGCGTAGATGGATGTTTAAGTCAGTTGTGAAAGTTTGCGGCTCAACCGTAAAATTG	0.4001371203235875	0.32473725048724145	0.522514657550599	0.41297681854907786	0.5506978917690066	0.33624825579774953
TACGTAGGGTGCAAGCGTTATCCGGAATTATTGGGCGTAAAGGGCTCGTAGGCGGTTCGTCGCGTCCGGTGTGAAAGTCCATCGCTTAACGGTGGATCCG	1.081912928657938	2.9054054614705174	0.1975884600217599	0.8107660584325007	2.1801182914348396	1.1380609641755877
TACGGAGGATCCGAGCGTTATCCGGATTTATTGGGTTTAAAGGGAGCGTAGGTGGACAGTTAAGTCAGTTGTGAAAGTTTGCGGCTCAACCGTAAAATTG	-0.007804727716039572	1.3160603043240635	0.1035131676728982	-0.8427107758646795	-0.5616152595905515	0.21271403832090474
TACGTAGGTGGCAAGCGTTGTCCGGATTTATTGGGCGTAAAGCGAGCGCAGGCGGTTTCTTAAGTCTGATGTGAAAGCCCCCGGCTCAACCGGGGAGGGT	-0.6191821755595912	0.7960251864594552	-0.07150785488531408	0.8810770981187037	1.565538375434473	1.273464478083974
TACGTAGGGTGCAAGCGTTATCCGGAATTATTGGGCGTAAAGGGCTCGTAGGCGGTTCGTCGCGTCCGGTGTGAAAGCCCATCGCTTAACGGTGGGTCTG	-0.15458757297475234	-0.09392225774106056	0.08402992921426478	-1.4664404816752263	1.062314896640375	0.8762764106477556
TACGGAGGGTGCAAGCGTTAATCGGAATTACTGGGCGTAAAGCGCACGCAGGCGGTTTGTTAAGTCAGATGTGAAATCCCCGGGCTCAACCTGGGAACTG	1.2165793715290318	-0.30854004653271794	0.6790176643665102	-0.29089657737072194	-0.5306002211002561	1.4547977219308672
TACGGAGGATCCGAGCGTTATCCGGATTTATTGGGTTTAAAGGGAGCGTAGGTGGATTGTTAAGTCAGTTGTGAAAGTTTGCGGCTCAACCGTAAAATTG	1.1117991147808324	-0.29838812382992863	1.0831743641431588	-1.055101317895014	0.5285016026170997	0.37406817404282666
TACGTAGGGGGCAAGCGTTATCCGGATTTACTGGGTGTAAAGGGAGCGTAGACGGCAGTGCAAGTCTGAAGTGAAAGCCCGGGGCTCAACCCCGGGACTG	0.7143994508556615	1.212937175909909	-0.9423686699335319	2.1679536871785334	0.47150783127267637	-0.34581800597059154
TACGTAGGGGGCTAGCGTTATCCGGATTTACTGGGCGTAAAGGGTGCGTAGGCGGTCTTTTAAGTCAGGAGTGAAAGGCTACGGCTCAACCGTAGTAAGC	-0.08082420246083633	0.2514203262132728	0.9487878842885751	0.43252044768873965	1.3486926842304023	0.2174850846613703
TACGGAGGATCCGAGCGTTATCCGGATTTATTGGGTTTAAAGGGAGCGTAGGCGGACGCTTAAGTCAGTTGTGAAAGTTTGCGGCTCAACCGTAAAATTG	1.3295729695133458	0.8212384876412484	0.17323632674768152	-1.4650187916880437	-2.239943416061804	0.7501948545659838
TACGTAGGTGGCAAGCGTTGTCCGGATTTACTGGGCGTAAAGGGAGCGTAGGCGGATTTTTAAGTGGGATGTGAAATACCCGGGCTCAACCTGGGTGCTG	-0.2971670092769374	-0.3732306364375031	0.41986308383300486	1.6656536631459407	-0.4751724314121457	2.4610863695825396
TACGTAGGTGGCGAGCGTTGTCCGGATTTACTGGGCGTAAAGGGAGCGTAGGCGGATTTTTAAGTGAGATGTGAAATACCCGGGCTCAACTTGGGTGCTG	-0.24661327020604507	1.255064963976774	0.9853800995881814	0.1132827274674586	-1.2810287784961911	0.23901297850263692
TACGTATGGTGCAAGCGTTATCCGGATTTACTGGGTGTAAAGGGAGCGTAGACGGATAGGCAAGTCTGGAGTGAAAACCCAGGGCTCAACCCTGGGACTG	-0.8272004784770717	1.096707939783963	0.30400356786801996	0.98484380768482	-0.10868677610437594	-0.3692171205793562
TACGTAGGTGGCAAGCGTTGTCCGGAATTATTGGGCGTAAAGCGCGCGCAGGCGGATCGGTCAGTCTGTCTTAAAAGTTCGGGGCTTAACCCCGTGATGG	0.3763384385279904	0.8297654387158486	-1.3276629881326896	0.3903576269919089	-1.0100857328800412	0.6265395055497942
TACGTAGGTGGCAAGCGTTATCCGGATTTACTGGGTGTAAAGGGCGTGTAGGCGGGATTGCAAGTCAGATGTGAAAACTGGGGGCTCAACCTCCAGCCTG	0.10823922737162217	0.6604796644848916	0.5629909126694459	0.8454608492726496	-0.2686357807544919	0.008015430995350847
TACGTAGGGAGCAAGCGTTGTCCGGAATTACTGGGTGTAAAGGGAGCGTAGGCGGGATGGCAAGTAGAATGTTAAATCCATCGGCTCAACCGGTGGCTGC	0.12130975111048325	-0.8225155475932038	-1.8684467510645133	-1.3657086320048162	-0.7930175375370236	1.2358428607667742
TACGTAGGTGGCAAGCGTTGTCCGGAATTATTGGGCGTAAAGCGCGCGCAGGCGGATCAGTCAGTCTGTCTTAAAAGTTCGGGGCTTAACCCCGTGATGG	0.031001680927682962	0.38038367746296853	-0.34881488842413244	-0.9265318341379949	-0.17445597166101656	-0.8931967248235884
TACGTAGGTGGCAAGCGTTGTCCGGAATTATTGGGCGTAAAGCGCGCGCAGGCGGATAGGTCAGTCTGTCTTAAAAGTTCGGGGCTTAACCCCGTGATGG	-0.3735762895770778	1.0340895053547943	1.820565657192018	0.22103828417007243	-0.2812744688419553	1.8885757694925127
TACGTAGGGGGCTAGCGTTATCCGGATTTACTGGGCGTAAAGGGTGCGTAGGCGGTCTTTCAAGTCAGGAGTGAAAGGCTACGGCTCAACCGTAGTAAGC	0.0908022461704503	0.6826566156548592	0.14470864968850794	0.34020329492036616	0.8542119253249911	1.407267070838338
TACGTAGGGGGCTAGCGTTGTCCGGAATCACTGGGCGTAAAGGGTTCGCAGGCGGAAATGCAAGTCAGGTGTAAAAGGCAGTAGCTTAACTACTGTAAGC	0.17352040989916429	0.5089415308636758	0.12441633778169336	-0.3377120323305913	0.6838855732055462	-0.01538705127584361
TACGTATGGAGCGAGCGTTGTCCGGAATTATTGGGCGTAAAGGGTACGCAGGCGGTTTAATAAGTCGAATGTTAAAGATCGGGGCTCAACCCCGTAAAGC	0.5202261148266087	1.2967556711834995	-1.1962216333811027	1.349237757193487	-0.9605256628421994	0.11190482182157613
TACGGAGGGTGCAAGCGTTAATCGGAATTACTGGGCGTAAAGCGCACGCAGGCGGTCTGTCAAGTCGGATGTGAAATCCCCGGGCTCAACCTGGGAACTG	0.4884535013012181	1.1784808632535073	0.5145550793643254	1.1952532701367549	1.2472979117007998	0.8850436578477678
TACGTAAGGTCCGAGCGTTGTCCGGAATCATTGGGCGTAAAGGGTACGTAGGCGGGTAAGCAAGTTAGAAGTGAAATCCTATAGCTCAACTATAGTAAGC	-1.7176867188640346	0.26967990739170045	0.22435920076921168	-0.5214257664805242	-0.10903778785745821	-0.3560846080099287
TACGTAGGTCCCGAGCGTTGTCCGGATTTATTGGGCGTAAAGCGAGCGCAGGCGGTTTGATAAGTCTGAAGTTAAAGGCTGTGGCTCAACCATAGTTCGC	0.18370390816252335	-0.1452900174456504	0.25993360715463343	-0.34610698891933644	1.0185257483096866	0.0176249514306841
TACGTAGGTCCCGAGCGTTATCCGGATTTATTGGGCGTAAAGCGAGCGCAGGCGGTTAGATAAGTCTGAAGTTAAAGGCTGTGGCTTAACCATAGTACGC	0.8296201167873631	0.41166436640444726	0.5688296979899663	-0.8782318062907049	-0.5097289394764157	-0.6743444432531538
TACGTAGGGCGCGAGCGTTGTCCGGAATTATTGGGCGTAAAGGGCTTGTAGGTGGCTGGTTGCGTCTGTCGTGAAAGCTCATGGCTTAACTGTGGGTTTG	2.714290791588236	0.3077959470999563	1.5498016639287733	-1.865610761178095	0.42061520999391355	0.710014290639287
TACGTAGGGGGCAAGCGTTATCCGGATTTACTGGGTGTAAAGGGAGCGTAGACGGCGAAGCAAGTCTGAAGTGAAAACCCAGGGCTCAACCCTGGGACTG	0.5061021982006322	1.9907414313954441	0.9592810137803811	0.37760551499072825	0.29474478846509733	-1.263094805649394
TACGTAGGGTGCGAGCGTTGTCCGGAATTACTGGGCGTAAAGAGCTCGTAGGCGGTTTGTCACGTCGTCTGTGAAATCCTAGGGCTTAACCCTGGACGTG	-0.8313648165889491	-0.5121775868731406	0.19909824567392054	-0.2611574955111333	-1.836517484131262	-1.117816828659648
TACGTAGGTCCCGAGCGTTGTCCGGATTTATTGGGCGTAAAGCGAGCGCAGGCGGTTAGATAAGTCTGAAGTTAAAGGCTGTGGCTTAACCATAGTACGC	0.1816409467033635	-0.5071027878123191	1.8156134648854994	0.47978346275035655	-1.2069077801136228	0.3634176249588785
TACGTAGGGTGCGAGCGTTGTCCGGAATTACTGGGCGTAAAGGGCTCGTAGGTGGTTTGTCGCGTCGTCTGTGAAATTCCGGGGCTTAACTCCGGGCGTG	-0.7569325627513637	0.424789942483339	0.0657093985612649	-1.6031140513544866	-0.8425717663196775	-0.19949158327924632
TACGTAAGGGGCGAGCGTTGTCCGGAATTATTGGGCGTAAAGAGTGCGTAGGCGGCAAATTAAGTCAGATGTGAAAACTAAGGGCTCAACCCATAGATTG	-0.5367651642986049	-0.865365088303653	-0.796817822880004	1.104637759196203	-0.41213730091135226	0.043238050767308245
TACGTATGTCACAAGCGTTATCCGGATTTATTGGGCGTAAAGCGCGTCTAGGTGGTTATGTAAGTCTGATGTGAAAATGCAGGGCTCAACTCTGTATTGC	-1.6893072785564174	0.2876916710836017	-0.7950931028787833	0.13477154301349437	0.7568467993112353	-0.6074552764211836
TACGTAGGGCGCGAGCGTTGTCCGGAATTATTGGGCGTAAAGAGCTTGTAGGCGGTTTGTCGCGTCTGCTGTGAAAGGCCGGGGCTTAACCCCGTGTATT	-0.3702101172633876	-0.7334772947626975	0.7465956969793099	-0.11239163352306569	0.24448910242040434	0.774730927773839
TACGTAGGGTGCGAGCGTTGTCCGGAATTATTGGGCGTAAAGGGCTTGTAGGCGGTTTGTCGCGTCTGCCGTGAAATCCTCTGGCTTAACTGGGGGCGTG	-2.514853304786276	-0.4661924842196372	-1.4155281023447257	1.8434363179082087	1.1096786547275332	-0.8487395276342573
TACGTATGGACCGAGCGTTGTCCGGAATCATTGGGCGTAAAGGGTACGTAGGCGGCCTAGTAAGTTAGAAGTGAAATAATATAGCTCAACTATATAAAGC	0.7629759548477422	1.0631269213360879	-0.2940354780618888	0.5216981716627291	1.9137478757472786	-0.8076255549703779
TACGTAGGTGGCAAGCGTTATCCGGAATTATTGGGCGTAAAGCGCGCGTAGGCGGTTTTTTAAGTCTGATGTGAAAGCCCACGGCTCAACCGTGGAGGGT	-0.8420538367458095	0.11657585171881557	0.16852863269403162	0.6816905014390162	-1.2210232328800412	-1.8844179143224897
TACGTAGGTGGCAAGCGTTGTCCGGAATTATTGGGCGTAAAGCGCGCGCAGGTGGTTTAATAAGTCTGATGTGAAAGCCCACGGCTCAACCGTGGAGGGT	-2.093166655463766	-0.9352843168574241	0.8480031354959268	-0.5838817186480352	-0.6018419575123044	0.13988388282907582
TACGGAGGGTGCGAGCGTTAATCGGAATAACTGGGCGTAAAGGGCACGCAGGCGGTGACTTAAGTGAGGTGTGAAAGCCCCGGGCTTAACCTGGGAATTG	0.6186773864797841	1.1424180862111184	1.1586094661290902	-0.13457004500683034	0.8798367369743136	0.26218953681839086
TACGTAGGTGGCAAGCGTTGTCCGGAATTATTGGGCGTAAAGCGCGCGCAGGCGGATTGGTCAGTCTGTCTTAAAAGTTCGGGGCTTAACCCCGTGATGG	0.4401042102150212	-0.9208876493769562	1.9529813094671034	0.22037099527065074	0.7576012451024798	0.41892512095821477
TACGTAGGGGGCTAGCGTTGTCCGGAATCACTGGGCGTAAAGGGTTCGCAGGCGGAAATGCAAGTCAGATGTAAAAGGCAGTAGCTTAACTACTGTAAGC	0.99790548666041	-0.27859282525357365	0.11288274961068812	0.8931092791432551	-2.337191493454382	-2.0708257188116255
TACGGAAGGTCCAGGCGTTATCCGGATTTATTGGGTTTAAAGGGAGTGTAGGCGGTTGGTTAAGCGTGTTGTGAAATGTAGATGCTCAACATCTGACTTG	-0.09300307051617995	0.4035754424137199	1.0407451553876657	0.5222085587853602	-1.4131900381473752	-1.7361484994207563
TACGGAAGGTCCGGGCGTTATCCGGATTTATTGGGTTTAAAGGGAGCGTAGGCTGTCTATTAAGCGTGTTGTGAAATTTACCGGCTCAACCGGTGGCTTG	0.5252818404011022	0.6807658669156167	0.46940107407524767	1.802496271597784	0.1832769501777438	-0.10349889891492747
TACGTAGGTGGCAAGCGTTGTCCGGATTTACTGGGCGTAAAGGGAGCGTAGGCGGATGTTTAAGTGGGATGTGAAATACTCGGGCTCAACTTGAGTGCTG	0.8723244307808171	0.7183357474011514	-1.3834506706659537	-0.06397859526928151	-1.8725914072422238	0.7971146474565325
TACGTAGGTGGCGAGCGTTGTCCGGATTTACTGGGCGTAAAGGGAGCGTAGGCGGACTTTTAAGTGAGATGTGAAATACCCGGGCTCAACTTGGGTGCTG	0.2025711475185643	0.8587605353993508	0.40621155636861506	1.4256295733327082	-0.5003353666691037	-1.2871563662801924
TACGTAGGGAGCGAGCGTTATCCGGATTTACTGGGTGTAAAGGGCGTGTAGGCGGGGAAGCAAGTCAGATGTGAAAACCAGTGGCTCAACCACTGGCCTG	-1.6668341817088832	0.35715052081171006	-0.05054204029485909	-0.015605730546075947	-0.05771550649683199	-0.6864142646108808
AACGTAGGTCACAAGCGTTGTCCGGAATTACTGGGTGTAAAGGGAGCGCAGGCGGGAAGACAAGTTGGAAGTGAAATCTATGGGCTCAACCCATAAACTG	-0.44271660463292495	-0.7557001713114646	-0.07951496405050573	-0.2018049783831426	1.1674661923023013	0.6437747250284014
TACGTAGGTGGCAAGCGTTGTCCGGATTTATTGGGCGTAAAGCGAGCGCAGGCGGTCAATTAAGTCTGATGTGAAAGCCCCCGGCTCAACCGGGGAGGGT	-0.7842856110759486	-0.5421268943148521	-1.1794559196893912	-1.103479070199091	-0.7503775667576047	0.010014749595051775
TACGTAGGGCGCGAGCGTTGTCCGGAATTATTGGGCGTAAAGAGCTTGTAGGCGGTTTGTCGCGTCTGCTGTGAAAGGCCGGAGCTTAACTCCGTGTATT	-1.1664457978435268	-2.344981491883365	1.4673131270940565	-1.393427414429743	0.6439250472756175	-0.8288748492513838
TACGTAGGGGGCAAGCGTTATCCGGATTCATTGGGCGTAAAGCGCTCGTAGGCGGTCTGTTAGGTCGGGAGTTAAATCCGGGGGCTCAACCCCCGTTCGC	-0.6523116292186488	-0.8387674692469513	-0.8951474861566764	1.02573074625675	-1.3006471704868527	-0.7248420943533125
TACGTATGTCACGAGCGTTATCCGGATTTATTGGGCGTAAAGCGCGTCTAGGTGGTTATGTAAGTCTGATGTGAAAATGCAGGGCTCAACTCTGTATTGC	-2.2265597047038783	-1.287796318848696	-0.06847111744329748	-2.0598608679896184	-1.0360360454944821	-0.9969309796606245
TACGTAGGTGGCAAGCGTTGTCCGGAATTATTGGGCGTAAAGGGCGCGCAGGCGGCTTCTTAAGTCTGTCTTAAAAGTGCGGGGCTTAACCCCGTGATGG	-0.6236164035030116	0.6922438141507241	-0.9373450712625724	-0.0114445514803716	0.5365015787826923	-1.8661133279119673
TACGGAAGGTCCGGGCGTTATCCGGATTTATTGGGTTTAAAGGGAGCGTAGGCCGGAGATTAAGCGTGTTGTGAAATGTAGACGCTCAACGTCTGCACTG	0.4981039403251897	-0.21818494828518897	-1.2797668413583976	-0.4980702824717351	-0.5340620588688108	-0.09019663231717967
TACGTAGGGGGCAAGCGTTATCCGGATTTACTGGGTGTAAAGGGAGCGTAGACGGAAGAGCAAGTCTGATGTGAAAGGCTGGGGCTTAACCCCAGGACTG	-0.7434852780528773	-0.6474584344225791	-0.18392686409399328	1.4819124512547663	0.46506261712034025	-0.144107304981822
TACGGAAGGTTCGGGCGTTATCCGGATTTATTGGGTTTAAAGGGAGCGTAGGCCGTTTGGTAAGCGTGTTGTGAAATGTAGGAGCTCAACTTCTAGATTG	0.7949581681064855	-1.076264679749575	0.565954064452197	-0.17053673936184133	-1.1405265640644284	0.5172566394294558
TACGTAGGGAGCGAGCGTTGTCCGGAATTACTGGGTGTAAAGGGAGCGTAGGCGGGATCGCAAGTCAGATGTGAAAACTATGGGCTTAACCCATAAACTG	-0.3518768014140834	0.4538223144215676	-0.6174245314066154	-0.1805438823824712	-0.7199770521549436	-0.4400674928938093
TACGTAGGGCGCAAGCGTTGTCCGGAATTATTGGGCGTAAAGAGCTCGTAGGCGGCTGGTCGCGTCTGTCGTGAAAACTTCCGGCTCAACCGGGGGCTTG	0.37253261490385636	-1.3933677080469993	-0.9357873634760123	3.1535759739751033	-0.18882176393549166	0.248332261570817
TACGTATGGTGCAAGCGTTATCCGGATTTACTGGGTGTAAAGGGAGCGCAGGCGGTGCGGCAAGTCTGATGTGAAAGCCCGGGGCTCAACCCCGGTACTG	-0.7134642066188563	-0.445057630856601	-0.7677706913416129	0.23267151640598094	0.7484884101720599	-0.3304296960149946
TACGTAGGGCGCGAGCGTTGTCCGGAATTATTGGGCGTAAAGGGCTTGTAGGCGGTTGGTCGCGTCTGCCGTGAAATCCTCTGGCTTAACTGGGGGCGTG	-0.6797971190639247	-0.10237449439343482	0.660192058854844	-0.45351765824611867	1.1672397542567996	-0.7550552119527998
TACGGAAGGTCCGGGCGTTATCCGGATTTATTGGGTTTAAAGGGAGCGTAGGCCGGAGATTAAGCGTGTTGTGAAATGTAGATGCTCAACATCTGAACTG	-0.3477012576289882	-0.2659006121951011	-0.043410284942839716	1.0220494441861323	-0.6881656956104489	-0.335191391876811
TACGGAAGGTTCGGGCGTTATCCGGATTTATTGGGTTTAAAGGGAGCGTAGGCCGTTTGGTAAGCGTGTTGTGAAATGTAGTAGCTCAACTTCTAGATTG	-0.2765771211810817	-2.0345936420756248	-1.2970060543482047	-1.629158181679804	0.5975855801077632	-1.3544837464605513
TACGTAGGGGGCAAGCGTTATCCGGATTTACTGGGTGTAAAGGGAGCGTAGACGGCATGGCAAGCCAGATGTGAAAGCCCGGGGCTCAACCCCGGGACTG	1.2224292693905126	0.3354438158300841	0.8292467756803292	2.1230090432042292	-0.1478084635166379	0.5901894341195879
TACGGAAGGTCCGGGCGTTATCCGGATTTATTGGGTTTAAAGGGAGCGTAGGCCGCCAGGTAAGCGTGTTGTGAAATGTACCGGCTCAACCGGTGAATTG	0.7555199204258214	0.5211962458294952	-0.3500652746622306	-1.1070417590266057	0.3596433985801486	1.7429209719384966
TACGTAGGTGGCAAGCGTTGTCCGGATTTATTGGGCGTAAAGCGAGCGCAGGCGGTTCCTTAAGTCTGATGTGAAAGCCCCCGGCTCAACCGGGGAGGGT	-0.6918749274440517	0.28670025212589234	0.006704644733216192	-0.39125047398861135	-1.5462323736576291	-0.7814079751287641
TACGGAGGATCCGAGCGTTATCCGGATTTATTGGGTTTAAAGGGAGCGTAGGTGGACTGGTAAGTCAGTTGTGAAAGTTTGCGGCTCAACCGTAAAATTG	2.162668520050455	-0.4302073720293915	1.3970976634557508	0.6243009589785746	-0.33894983047525606	1.0573772559846697
TACGTAGGTGGCAAGCGTTGTCCGGATTTACTGGGCGTAAAGGGAGCGTAGGCGGACTTTTAAGTGAGATGTGAAATACCCGGGCTCAACTTGGGTGCTG	-0.6993103684612025	1.3002784248990147	-0.00842635197088537	-0.4719390101557561	-1.4120002102283689	-1.0444526900564375
TACGTAGGGCGCGAGCGTTGTCCGGAATTATTGGGCGTAAAGGGCTTGTAGGCGGTTGGTCGCGTCTGCCGTGAAATTCTCTGGCTTAACTGGGGGCGTG	-0.47874892370183364	-0.07449680598553687	0.09271873670175257	-1.405447883141596	0.0945103157134799	0.22692413581264592
TACAGAGGTCTCAAGCGTTGTTCGGAATCACTGGGCGTAAAGCGTGCGTAGGCTGTTTCGTAAGTCGTGTGTGAAAGGCGCGGGCTCAACCCGCGGACGG	-0.3586601676173915	-0.9059829119044212	1.5474146171148084	0.6619539432400874	1.3949570346446785	-2.2766615380560102
TACGGAGGGTGCAAGCGTTACTCGGAATCACTGGGCGTAAAGGACGCGTAGGCGGATTATCAAGTCTCTTGTGAAATCCTATGGCTTAACCATAGAACTG	-1.532214826507162	-0.6825123432474998	0.39787636088683787	0.1801460109824351	-1.987683207931921	-0.4803323377882185
TACGGAGGATTCAAGCGTTATCCGGATTTATTGGGTTTAAAGGGTGCGTAGGCGGTTTGATAAGTTAGAGGTGAAATTTCGGGGCTCAACCCTGAACGTG	0.779947632389475	-1.0809836986857322	-0.30912534756109533	0.7369803063744715	0.5423540871413497	-0.8229224910055342
TACGTATGGAGCAAGCGTTATCCGGATTTACTGGGTGTAAAGGGAGTGTAGGTGGCCATGCAAGTCAGAAGTGAAAATCCGGGGCTCAACCCCGGAACTG	0.6305528221897374	0.8800443407696807	1.3398744030530714	-0.14839140845592702	-2.307082087936804	0.28122738701952077
TACGTAGGTGGCAAGCGTTATCCGGATTTATTGGGCGTAAAGCGAGCGCAGGCGGTTTTTTAAGTCTGATGTGAAAGCCCTCGGCTTAACCGAGGAAGTG	0.944368117885996	-1.1061782244044212	0.2444472177560586	-1.0262145228510686	-0.31280359739343844	1.1099322210038958
TACGGAGGGTGCAAGCGTTAATCGGAATTACTGGGCGTAAAGCGCACGCAGGCGGTCAATTAAGTCAGATGTGAAAGCCCCGAGCTTAACTTGGGAATTG	0.03372698410074815	-0.2229552868204978	-0.2569376663629752	0.4231484592134169	-1.0866825889972898	-1.3352666129385176
TACGTAGGGGGCTAGCGTTGTCCGGAATCACTGGGCGTAAAGGGTTCGCAGGCGGAATAACAAGTCAGATGTGAAAGGCATGGGCTCAACCCATGTAAGC	-0.96610898391683	-1.7790818813639548	-0.9637170271341544	0.6809353999966792	0.5524940537577567	-1.1103704203878584
TACGTAGGTGGCGAGCGTTATCCGGAATTATTGGGCGTAAAGAGGGAGCAGGCGGCACTAAGGGTCTGTGGTGAAAGATCGAAGCTTAACTTCGGTAAGC	-1.5854026736446132	1.669775068442258	-0.20610831541464147	1.3499820999974421	-0.2842153024105283	-0.3974879612241926
TACGGAGGATGCGAGCGTTATCCGGAATTATTGGGTTTAAAGGGTGCGTAGGTTGCAAGGGAAGTCAGGGGTGAAAAGCTGTAGCTCAACTATGGTCTTG	-0.5537030758090724	-0.059517950137224496	1.0392784042890328	-1.1694493718272039	0.013503222522333047	1.073625541755086
TACGGAAGGTCCGGGCGTTATCCGGATTTATTGGGTTTAAAGGGAGTGTAGGCGGCCTGTTAAGCGTGTTGTGAAATGTAGATGCTCAACATCTGAACTG	-1.0954142274089564	-0.791183770020571	0.4365844740207452	-0.7953192420130559	-0.7349707197574826	0.665711380072957
TACGGAGGGTGCAAGCGTTAATCGGAATCACTGGGCGTAAAGCGCACGTAGGCGGCTTGGTAAGTCAGGGGTGAAATCCCACAGCCCAACTGTGGAACTG	0.5515273897222768	0.6452585157555664	0.3989277123148698	0.17548080013934886	-0.27042237037698946	-0.006283753088587751
TACGTAGGGGGCTAGCGTTATCCGGAATTACTGGGCGTAAAGGGTGCGTAGGTGGTTTCTTAAGTCAGAGGTGAAAGGCTACGGCTCAACCGTAGTAAGC	-0.3476065458484401	0.27952818168226123	0.0820132954652566	0.7681975536221675	1.9932619023891238	-1.939746998718852
TACGTAGGTCCCGAGCGTTGTCCGGATTTATTGGGCGTAAAGCGAGCGCAGGCGGTTTAATAAGTCTGAAGTTAAAGGCAGTGGCTTAACCATTGTTCGC	-0.3523532213397731	-0.679592669327822	0.5253114704649118	-1.0388307995920965	0.40536564475019254	1.8883183966363726
TACGTATGGTGCAAGCGTTATCCGGATTTACTGGGTGTAAAGGGAGCGTAGACGGTTGTGTAAGTCTGATGTGAAAGCCCGGGGCTCAACCCCGGGACTG	-0.33248061553914443	0.7615516182583901	-0.4606325463716727	0.843063520657461	0.0503838348956851	-0.06106334226476573
TACGTATGGTGCAAGCGTTATCCGGATTTACTGGGTGTAAAGGGAGCGTAGACGGAGTGGCAAGTCTGATGTGAAAACCCGGGGCTCAACCCCGGGACTG	-0.10866416112859145	0.06731438605013818	0.3155986531312722	0.6431890301579646	-0.30655494445841036	-0.6751100053106489
TACGTAGGGTGCGAGCGTTAATCGGAATTACTGGGCGTAAAGGGTGCGCAGGCGGTTGAGTAAGACAGATGTGAAATCCCCGAGCTTAACTCGGGAATGG	1.2910274802021275	-0.5981822017031586	0.19376607375695887	-1.4009870715266057	-0.08659711593668185	0.17941639525545217
TACGTAGGGCGCGAGCGTTGTCCGGAATTATTGGGCGTAAAGAGCTTGTAGGCGGTTTGTCGCGTCTGCTGTGAAAGGCCGGGGCTTAACTCCGTGTATT	-0.5265907706447353	0.9921424385708892	-2.2248241142694694	0.20382946954910075	-0.9227830480961057	-0.20392956631528758
TACGTAGGTGGCGAGCGTTATCCGGATTTACTGGGCGTAAAGGGAGCGTAGGCGGATGATTAAGTGGGATGTGAAATACCCGGGCTCAACTTGGGTGCTG	0.031167799072671976	0.8932573792142007	0.06511424618318262	-0.7983574099665471	-1.2125311207203122	-0.05066227214681529
TACGGAAGGTCCGGGCGTTATCCGGATTTATTGGGTTTAAAGGGAGCGTAGGCTGTCTATTAAGCGTGTTGTGAAATATACCGGCTCAACCGGTGGCTTG	-0.2996278466411342	0.5196796950501534	0.8138887448842782	-0.06756944729145253	0.7205420572133807	0.5193618903840838
TACGGAGGATCCGAGCGTTATCCGGATTTATTGGGTTTAAAGGGTGCGTAGGCGGCCTTTTAAGTCAGCGGTGAAAGTCTGTGGCTCAACCATAGAATTG	1.7024118243030792	-1.128295004685489	-0.3787370161478263	0.6962631516331843	-0.7903870653537961	0.09049843949926473
TACGTAGGTGGCGAGCGTTGTCCGGAATTATTGGGCGTAAAGAGCATGTAGGCGGCTTAATAAGTCGAGCGTGAAAATGCGGGGCTCAACCCCGTATGGC	-0.07804346696813003	0.22308176724139095	-1.7917184071008903	-0.1793064899569341	-0.23579725736658297	0.7192598949159441
AACGTAGGTCACAAGCGTTGTCCGGAATTACTGGGTGTAAAGGGAGCGCAGGCGGGAAGACAAGTTGGAAGTGAAATCCATGGGCTCAACCCATGAACTG	0.41746177657168015	-2.0494268539744285	0.26426680522515955	-3.498451632989007	1.9011540103526858	-0.7481233109747114
AACGTAGGTCACAAGCGTTGTCCGGAATTACTGGGTGTAAAGGGAGCGCAGGCGGGAGAACAAGTTGGAAGTGAAATCCATGGGCTCAACCCATGAACTG	1.3865333734325653	0.32707277001711965	0.7754921181733865	0.21497930811588084	0.2413071382613925	-0.4246541489874067
TACGTATGGTGCAAGCGTTATCCGGATTTACTGGGTGTAAAGGGAGCGTAGACGGATGGGCAAGTCTGATGTGAAAACCCGGGGCTCAACCCCGGGACTG	0.6560598252586614	-0.19795578749951392	-0.035925610489104365	0.14629458116237437	-0.7098511766819211	2.0387176047052202
TACGTAGGGGGCAAGCGTTATCCGGATTTACTGGGTGTAAAGGGAGCGTAGACGGTGTGGCAAGTCTGATGTGAAAGGCATGGGCTCAACCTGTGGACTG	0.5511992065481435	1.5836055871647923	0.01001854377343836	-0.5733178682452031	0.6708992335768489	0.3338609230677543
TACGGAGGATGCGAGCGTTATCCGGATTTATTGGGTTTAAAGGGTGCGTAGGTGGTGATTTAAGTCAGCGGTGAAAGTTTGTGGCTCAACCATAAAATTG	0.5912787257007848	0.658364146630201	-0.10958538813040075	-1.1254163212900945	1.0314065504642276	0.6555313537801561
TACGTAGGGGGCAAGCGTTATCCGGAATTACTGGGTGTAAAGGGTGCGTAGGTGGTATGGCAAGTCAGAAGTGAAAACCCAGGGCTTAACTCTGGGACTG	-0.024732208413671408	-0.046524465401735604	1.0515476627881784	-0.16232494784649099	0.46819845473487653	-1.0214065541540327
TACGGAGGATCCGAGCGTTATCCGGATTTATTGGGTTTAAAGGGAGCGTAGGCGGATTGTTAAGTCAGTTGTGAAAGTTTGCGGCTCAACCGTAAAATTG	-0.4340146245189418	-0.08760932119664222	-1.1989692882959586	-1.4044565386896917	0.4664975691409854	0.6315818498815355
TACGTAGGGGGCAAGCGTTATCCGGATTTACTGGGTGTAAAGGGAGCGTAGACGGCAAGGCAAGTCTGATGTGAAAACCCAGGGCTTAACCCTGGGACTG	1.0758954821399938	-1.8416264656382468	-1.1626016334955436	0.48731213288251674	-0.34608611578027926	1.3613785277093706
TACGTAGGGGGCAAGCGTTATCCGGATTTACTGGGTGTAAAGGGAGCGTAGACGGCGCAGCAAGTCTGATGTGAAAGGCAGGGGCTTAACCCCTGGACTG	-0.04655790941197768	-1.2071705463725007	1.1820537610585946	1.4542940430516413	0.8437528300853518	-0.6386805404936018
TACGTATGGAGCAAGCGTTATCCGGATTTACTGGGTGTAAAGGGTGCGTAGGTGGCAGTGCAAGTCAGATGTGAAAGGCCGGGGCTCAACCCCGGAGCTG	0.2003332464269887	-0.6254779699641135	-0.2579490975801688	0.5313689805740527	-1.4638749670414182	-0.924019836357707
TACGTATGGTGCAAGCGTTATCCGGATTTACTGGGTGTAAAGGGAGCGCAGGCGGTACGGCAAGTCTGATGTGAAAGCCCGGGGCTCAACCCCGGTACTG	-0.6764958562083949	-0.09018924864110112	-0.3294869498674613	-0.47913430405910695	-1.0302782368091794	-0.1432021786485853
TACGTAGGGGGCAAGCGTTATCCGGATTTACTGGGTGTAAAGGGAGCGTAGACGGATGGACAAGTCTGATGTGAAAGGCTGGGGCTCAACCCCGGGACTG	1.6044139204792272	0.08923789827052087	-0.4856131510202628	-0.26075581980999196	0.5779265731396226	0.6380700836862383
TACGGAGGATCCAAGCGTTATCCGGATTTATTGGGTTTAAAGGGTGCGTAGGCGGTTTGATAAGTTAGAGGTGAAATACCGGTGCTTAACACCGGAACTG	0.4250619387499581	-1.6651162508326438	-0.04144446415350167	-0.747628731263239	-0.5478176187900754	-0.3710573543821516
TACGGAGGATTCAAGCGTTATCCGGATTTATTGGGTTTAAAGGGTGCGTAGGCGGTTTGATAAGTTAGAGGTGAAATCCCGGGGCTTAACTCCGGAACTG	-1.0484352769084682	-1.3435276153880027	0.036543057733323	0.21248273776714122	1.4930240798564705	-1.3321331967626753
TACGTATGGTGCAAGCGTTATCCGGATTTACTGGGTGTAAAGGGAGCGCAGGCGGAAGGCTAAGTCTGATGTGAAAGCCCGGGGCTCAACCCCGGTACTG	0.23439208550970658	0.3355702847791049	0.5378219089145917	0.8888640277260951	1.4075840998264106	-2.99127998249876
TACGTAGGGAGCAAGCGTTATCCGGATTTACTGGGTGTAAAGGGCGCGCAGGCGGGCCGGCAAGTTGGAAGTGAAATCTATGGGCTTAACCCATAAACTG	0.3628630167118798	-1.2738197449046043	-0.7830810980264884	-0.04309190584476674	0.2575231183143405	2.1173472176278887
TACGTAGGGAGCAAGCGTTATCCGGATTTACTGGGTGTAAAGGGCGCGCAGGCGGGCCGGTAAGTTGGAAGTGAAATCTATGGGCTTAACCCATAAACTG	1.4211171208194977	-0.20942598613080055	-2.359070463604186	1.080229061114233	-2.2306531977085324	-0.7524813641821089
TACGTAGGGGGCAAGCGTTATCCGGATTTACTGGGTGTAAAGGGAGCGTAGACGGCTGTGCAAGTCTGAAGTGAAAGGCATGGGCTCAACCTGTGGACTG	-0.3876956762500514	0.059393554608258015	0.19397993522241297	-0.22540710641201223	0.08129393940885343	-0.8108985652242842
TACGTAGGTGGCAAGCGTTATCCGGAATCATTGGGCGTAAAGGGTGCGTAGGTGGCGTACTAAGTCTGTAGTAAAAGGCAATGGCTCAACCATTGTAAGC	-0.18330526964146987	0.9718613621396157	-0.64397625488684	0.5780519269580058	0.9515562940212039	-0.15459632175313853
TACGTAGGTGGCAAGCGTTATCCGGATTTACTGGGTGTAAAGGGCGTGTAGGCGGGATCGCAAGTCAGATGTGAAAACTGGAGGCTCAACCTCCAGCCTG	-0.11025739328343764	-0.4003604653674042	0.30899511414125147	-0.4454469509249517	-0.2601102303890439	0.4639019439901171
AACGTAGGGTGCAAGCGTTGTCCGGAATTACTGGGTGTAAAGGGAGCGCAGGCGGATTGGCAAGTTGGGAGTGAAATCTATGGGCTCAACCCATAAATTG	-0.7575458945461024	1.1826567646664703	-0.025371594852660273	-0.32979748917873586	0.2243700910182742	-1.494860671928996
TACGTAGGTGGCAAGCGTTGTCCGGATTTATTGGGCGTAAAGCGAGTGCAGGCGGCTCGATAAGTCTGATGTGAAAGCCTTCGGCTCAACCGGAGAATTG	-1.3854357661433925	0.28148344127360225	-0.9492639736597281	0.3205529846424273	-0.5625914644626828	-1.195134304932231
TACGTAGGTGGCAAGCGTTGTCCGGATTTATTGGGCGTAAAGCGAGTGCAGGCGGTTCAATAAGTCTGATGTGAAAGCCTTCGGCTCAACCGGAGAATTG	-0.3789647878833522	0.12032532660189599	-0.5185307697717887	0.20401470588390147	-1.52633467430155	-0.954723977020854
TACAGAGGGTGCGAGCGTTAATCGGATTTACTGGGCGTAAAGCGTGCGTAGGCGGCTTATTAAGTCGGATGTGAAATCCCCGAGCTTAACTTGGGAATTG	0.07968836410563096	-0.3128757479983246	-0.978740020221923	-0.5038747019892522	0.8755134630771426	0.33437716157370634
TACGTAGGTGGCAAGCGTTATCCGGATTTATTGGGCGTAAAGCGAGCGCAGGCGGTTTTTTAAGTCTGATGTGAAAGCCCTCGGCTTAACCGAGGAAGCG	-0.6502851905055751	-0.9303491714793113	-0.267280264324401	-1.0738879866724798	-0.17526188606302462	1.417356706687337
TACGTAGGGAGCAAGCGTTGTCCGGATTTACTGGGTGTAAAGGGTGCGTAGGCGGCTTTGCAAGTCAGATGTGAAATCTATGGGCTCAACCCATAAACTG	0.4537223218254338	0.6736093160313699	1.516053692870881	0.7279774122113398	0.5824162054630069	0.6780291567529497
TACGTAGGGGGCGAGCGTTATCCGGATTCATTGGGCGTAAAGCGCGCGTAGGCGGCCCGGCAGGCCGGGGGTCGAAGCGGGGGGCTCAACCCCCCGAAGC	1.0940383611492406	-0.6473728421526816	-1.2291350798074943	-1.3181316084986516	0.1958078730674533	0.6520982752527056
TACGTAGGGAGCGAGCGTTATCCGGATTCATTGGGCGTAAAGAGCGCGTAGGCGGCCTCTCAAGCGGGATCTCTAATCCGAGGGCTCAACCCCCGGCCGG	-0.8476052941508998	-0.7516058090525535	0.004578368240143682	1.406083779799383	0.43401871508081236	0.27627002401006795
TACGTAGGTGGCAAGCGTTATCCGGAATTATTGGGCGTAAAGAGGGAGCAGGCGGCAGCAAGGGTCTGTGGTGAAAGCCTGAAGCTTAACTTCAGTAAGC	0.03400354965250596	0.29348919136348606	0.728481785827424	0.5281009920114688	2.2033506322475227	1.5727070341790972
TACGTAGGGGGCAAGCGTTATCCGGATTTACTGGGTGTAAAGGGAGCGTAGACGGTTAAGCAAGTCTGAAGTGAAAGCCCGGGGCTCAACCCCGGTACTG	-0.08075932280499831	0.45594705609503716	0.7175723923976678	-0.9795171446924993	1.3598129439922126	0.5491672377075014
TACGTAGGGGGCAAGCGTTATCCGGAATTACTGGGTGTAAAGGGTGCGTAGGTGGCATGGTAAGTCAGAAGTGAAAGCCCGGGGCTTAACCCCGGGACTG	-0.6747455062099208	-0.7356851700144675	-1.8132831291620475	-1.2313783593302556	0.9550809252830295	-0.07857673662053966
TACGTAGGGGGCAAGCGTTATCCGGATTTACTGGGTGTAAAGGGAGCGTAGACGGTAAAGCAAGTCTGAAGTGAAAGCCCGCGGCTCAACTGCGGGACTG	1.3985723195842992	-0.7649446132975486	-0.13981912893698034	-0.8140144772654363	0.13821834212262907	-0.48416890995847606
TACGTAGGGTGCAAGCGTTATCCGGAATTATTGGGCGTAAAGGGCTCGTAGGCGGTTCGTCGCGTCCGGTGTGAAAGTCCATCGCTTAACGGTGGATCTG	1.3278623758129364	-1.087416827996341	0.8323165638978738	0.5542172365063838	1.29620715862234	1.4318227539743242
TACGTAGGGTGCAAGCGTTAATCGGAATTACTGGGCGTAAAGCGTGCGCAGGCGGTTCTGTAAGATAGATGTGAAATCCCCGGGCTCAACCTGGGAATTG	0.8078301487735997	-0.06387504967030555	-0.21036176247045812	0.6155179463500193	-0.02473238224069707	0.01991493208063222
TACGTAGGGCGCAAGCGTTATCCGGATTTATTGGGCGTAAAGGGCTCGTAGGCGGCTCGTCGCGTCCGGTGTGAAAGTCCATCGCTTAACGGTGGATCTG	1.04338466508906	0.28738058699193836	0.9410200579698342	0.43544532956425464	1.5789290357204226	0.8259594212259112
TACGTAGGGGGCAAGCGTTATCCGGATTTACTGGGTGTAAAGGGAGCGTAGACGGCGACGCAAGTCTGGAGTGAAAGCCCGGGGCCCAACCCCGGGACTG	0.546703168588091	0.7396886643570992	0.6087503372366685	-1.3063934273844549	0.2815174449058322	0.7440781663144884
TACGTAGGGAGCAAGCGTTGTCCGGATTTACTGGGTGTAAAGGGTGCGTAGGCGGCTAGGCAAGTCAGACGTGAAAACCATGGGCTCAACCTGTGGACTG	-1.005766695899557	0.8017175790471169	-0.4605529145662528	-0.4900929160242864	0.2734169352622775	-0.14792495267736339
TACGTAGGGGGCAAGCGTTATCCGGATTTACTGGGTGTAAAGGGAGCGTAGACGGCATAGCAAGTCTGGAGTGAAAGCCCGGGGCTCAACCCCGGTACTG	-0.20014787332494155	-0.3144103887873557	-0.8742980198328238	0.6982216410512141	0.08454230314214506	0.5271893064464388
TACAGAGGTCTCAAGCGTTGTTCGGAATCACTGGGCGTAAAGCGTGCGTAGGCGGTTTCGTAAGTCGTGTGTGAAAGGCGGGGGCTCAACCCCCGGACTG	0.6596529124550115	0.11995528606596828	-0.4636770324175101	-0.9907370038157293	1.0299324679942874	1.2365107904161272
TACGTAGGTGGCAAGCGTTGTCCGGAATTATTGGGCGTAAAGCGCGCGCAGGCGGTTTCATAAGTCTGTCTTAAAAGTGCGGGGCTTAACCCCGTGAGGG	0.7819775281719457	0.403001352826986	0.3110339059169549	0.3231172956699542	-0.00594595188181124	0.9787356625284014
TACGTAGGTGGCAAGCGTTATCCGGAATTACTGGGTGTAAAGGGAGCGCAGGCGGGATAGCAAGTCAGCTGTGAAAACTATGGGCTCAACCCATAAACTG	-0.5036220611758937	-0.4506601098376182	-1.5033451752130729	-1.7179001994257757	0.03774019962270536	-1.0855834712301435
TACGTAGGGGGCAAGCGTTATCCGGAATTACTGGGTGTAAAGGGTGCGTAGGCGGCGATTTAAGTCAGATGTGAAAACTCAGGGCTCAACCTTGAGACTG	-1.3933302821346034	0.360237002055082	-1.087608142322753	1.307691650854986	-0.6369282316593381	-0.0002550710951032542
