featureid	Intercept	"C(birth_mode_ms, Treatment(""Vag""))[T.CS]"	"C(birth_mode_ms, Treatment(""Vag""))[T.CSseed]"	country[T.Chile]	country[T.PuertoRico]	country[T.Spain]	country[T.USA]
TACGGAGGATCCGAGCGTTATCCGGATTTATTGGGTTTAAAGGGAGCGTAGATGGATGTTTAAGTCAGTTGTGAAAGTTTGCGGCTCAACCGTAAAATTG	0.7443221253466064	0.8582674570990578	0.7833143237243894	0.690294599827701	0.6260649195621504	0.8106438230427617	0.8916972314316522
TACGTAGGGTGCAAGCGTTATCCGGAATTATTGGGCGTAAAGGGCTCGTAGGCGGTTCGTCGCGTCCGGTGTGAAAGTCCATCGCTTAACGGTGGATCCG	-0.2657511788297242	-0.37150844851007303	-0.1427523729194391	1.7307568553056063	-0.7361652621318804	1.2289224277886266	1.0635799651343119
TACGTAGGGTGCAAGCGTTATCCGGAATTATTGGGCGTAAAGGGCTCGTAGGCGGTTCGTCGCGTCCGGTGTGAAAGCCCATCGCTTAACGGTGGGTCTG	-0.6896852808881349	-0.2316627196358665	-0.08013834923398466	-0.803478741351193	-1.6749840745021807	0.18510940779770557	0.32863897432868594
TACGGAGGGTGCAAGCGTTAATCGGAATTACTGGGCGTAAAGCGCACGCAGGCGGTTTGTTAAGTCAGATGTGAAATCCCCGGGCTCAACCTGGGAACTG	-1.0272780018735475	1.4931938954306618	1.9463032248626955	0.7574301499094309	1.3769280544231428	1.301339985028159	-0.11926048646385556
TACGGAGGATCCGAGCGTTATCCGGATTTATTGGGTTTAAAGGGAGCGTAGGTGGATTGTTAAGTCAGTTGTGAAAGTTTGCGGCTCAACCGTAAAATTG	-1.1301978188443726	1.310594559521772	0.6595733973394635	0.3165707948769869	0.7314851215789808	-1.510797350510705	0.1485506926972162
TACGGAGGATCCGAGCGTTATCCGGATTTATTGGGTTTAAAGGGAGCGTAGGCGGACGCTTAAGTCAGTTGTGAAAGTTTGCGGCTCAACCGTAAAATTG	-0.3287723618436402	0.14890679797659168	0.7452890637527707	-0.4923217532072721	0.6217250294732644	-1.5783487249461299	-0.27890401730949765
TACGTAGGTGGCAAGCGTTGTCCGGATTTACTGGGCGTAAAGGGAGCGTAGGCGGATTTTTAAGTGGGATGTGAAATACCCGGGCTCAACCTGGGTGCTG	-0.1686149793553895	-1.985076039223574	-1.1903126475204227	1.366802966889316	-0.6219396361400591	-0.9962483335581904	-0.40110152612144834
TACGTAGGTGGCAAGCGTTGTCCGGAATTATTGGGCGTAAAGCGCGCGCAGGCGGATCAGTCAGTCTGTCTTAAAAGTTCGGGGCTTAACCCCGTGATGG	0.9810986262869292	0.7441757329417245	-0.025416576563237925	0.29036945730107444	0.5049596956680311	1.0879220079335088	2.111251536508252
TACGTAGGTGGCAAGCGTTGTCCGGAATTATTGGGCGTAAAGCGCGCGCAGGCGGATAGGTCAGTCTGTCTTAAAAGTTCGGGGCTTAACCCCGTGATGG	0.1358407777857238	-1.4392627171563133	0.32656139761316894	1.0808825257386507	-0.4690336951305376	-0.20890316258345898	-0.3373938168090094
TACGTAGGGGGCTAGCGTTGTCCGGAATCACTGGGCGTAAAGGGTTCGCAGGCGGAAATGCAAGTCAGGTGTAAAAGGCAGTAGCTTAACTACTGTAAGC	0.45934877219909964	0.16934809169302145	0.9938668075214627	0.3066847684945406	0.7005469209263815	-1.5957809377757197	1.8345860277611505
TACGTATGGAGCGAGCGTTGTCCGGAATTATTGGGCGTAAAGGGTACGCAGGCGGTTTAATAAGTCGAATGTTAAAGATCGGGGCTCAACCCCGTAAAGC	-0.7550896960187501	0.30117115458974997	0.5369578960548642	0.19762197762387412	-0.253503061204146	0.9322828214320058	-0.3926421965163458
TACGGAGGGTGCAAGCGTTAATCGGAATTACTGGGCGTAAAGCGCACGCAGGCGGTCTGTCAAGTCGGATGTGAAATCCCCGGGCTCAACCTGGGAACTG	0.03904903355354605	1.9945798226309797	2.8489528658996828	0.18579134970563072	0.18810825857620372	0.05962553729141895	-0.6659739578765143
TACGTAAGGTCCGAGCGTTGTCCGGAATCATTGGGCGTAAAGGGTACGTAGGCGGGTAAGCAAGTTAGAAGTGAAATCCTATAGCTCAACTATAGTAAGC	-0.8382447319913453	0.24644777259359518	0.1362820032249692	1.4768795135583224	-0.6836027869274126	-0.23973330746566113	-1.2137030924361456
TACGTAGGTCCCGAGCGTTGTCCGGATTTATTGGGCGTAAAGCGAGCGCAGGCGGTTTGATAAGTCTGAAGTTAAAGGCTGTGGCTCAACCATAGTTCGC	1.1779882055830413	1.4625569888068215	3.1210580828796632	1.9243308070267977	0.8317978313873304	1.4776956151875371	-0.37818163285667783
TACGTAGGTCCCGAGCGTTATCCGGATTTATTGGGCGTAAAGCGAGCGCAGGCGGTTAGATAAGTCTGAAGTTAAAGGCTGTGGCTTAACCATAGTACGC	1.1845486802172118	0.735940561504461	0.7431718508909944	1.6766934755410494	1.0821733704517378	1.9950480770024175	0.5649730299908411
TACGTAGGGCGCGAGCGTTGTCCGGAATTATTGGGCGTAAAGGGCTTGTAGGTGGCTGGTTGCGTCTGTCGTGAAAGCTCATGGCTTAACTGTGGGTTTG	0.41650301638359366	-1.3260119847344374	-0.21500917643201323	0.15445116787808555	-0.39105174627799855	1.0612557541283483	-1.1821343267958868
TACGTAGGGTGCGAGCGTTGTCCGGAATTACTGGGCGTAAAGAGCTCGTAGGCGGTTTGTCACGTCGTCTGTGAAATCCTAGGGCTTAACCCTGGACGTG	-0.6192026692319459	-0.7176500252770408	-0.772372507749914	-0.2673038479719816	-0.1282461055805193	-0.7026691127864009	-0.28967386136467344
TACGTAGGTCCCGAGCGTTGTCCGGATTTATTGGGCGTAAAGCGAGCGCAGGCGGTTAGATAAGTCTGAAGTTAAAGGCTGTGGCTTAACCATAGTACGC	1.290402953059619	1.360766143412687	0.32086575657236605	2.016250467595035	1.4667346707294477	2.420030028715979	-0.08887683997566587
TACGTAGGGTGCGAGCGTTGTCCGGAATTACTGGGCGTAAAGGGCTCGTAGGTGGTTTGTCGCGTCGTCTGTGAAATTCCGGGGCTTAACTCCGGGCGTG	-0.3651795941281861	-0.9610603741692527	1.102709359229685	0.20912227660077232	0.24327354940872326	1.0052150349768514	0.8456987400848162
TACGTAAGGGGCGAGCGTTGTCCGGAATTATTGGGCGTAAAGAGTGCGTAGGCGGCAAATTAAGTCAGATGTGAAAACTAAGGGCTCAACCCATAGATTG	0.4750239891123229	0.6026257284594552	-2.299698257147192	-1.824344300929135	1.4434127441356672	0.9637011151465291	-0.21370464215690976
TACGTAGGTGGCAAGCGTTGTCCGGAATTATTGGGCGTAAAGCGCGCGCAGGCGGCTTCCTAAGTCCATCTTAAAAGTGCGGGGCTTAACCCCGTGATGG	0.7476852866944128	-1.2153337887810691	0.13707790404665499	-0.19347908467394692	0.9075086346576704	-0.22111901532088574	0.6686677222449076
TACGTATGGAGCGAGCGTTGTCCGGAATTATTGGGCGTAAAGGGTGCGCAGGCGGCTTTACAAGTTGGATGTGAAATATTGTGGCTCAACCACAAACGTG	-1.025516326992566	-2.2767408780144676	-0.3066302773345697	-0.713259482089108	0.8496168932626738	-0.8344642807093745	-1.5406989420455206
TACGTATGTCACAAGCGTTATCCGGATTTATTGGGCGTAAAGCGCGTCTAGGTGGTTATGTAAGTCTGATGTGAAAATGCAGGGCTCAACTCTGTATTGC	-1.6293625193524903	-0.2420856646584495	1.4618331554542792	1.0552474322881045	2.027197383971025	0.6440046589526052	-0.1956735218566168
TACGTAAGGTCCGAGCGTTGTCCGGAATCATTGGGCGTAAAGGGTACGTAGGCGGATAAGCAAGTTAGAAGTTAAATCCTATAGCTCAACTATAGCAAGC	-1.0484885531354493	-0.7577150754021629	-0.15450855463635893	0.6507490935887636	0.6343823491344942	-0.6547536541072017	-0.03780370603020078
TACGTAGGGCGCGAGCGTTGTCCGGAATTATTGGGCGTAAAGAGCTTGTAGGCGGTTTGTCGCGTCTGCTGTGAAAGGCCGGGGCTTAACCCCGTGTATT	1.6026708525728637	0.9594708540154473	-0.029424214064001752	0.8141100320185961	-0.7449218997051226	1.8616723131092896	0.15995550503318423
TACGTAGGGTGCGAGCGTTGTCCGGAATTATTGGGCGTAAAGGGCTTGTAGGCGGTTTGTCGCGTCTGCCGTGAAATCCTCTGGCTTAACTGGGGGCGTG	3.0104401749681884	0.48981213650236377	3.1772011283050783	-0.4123194453154264	0.589746762693931	1.377449662581336	0.14196139921729678
TACGTAGGTGGCAAGCGTTATCCGGATTTATTGGGCGTAAAGAGAGTGCAGGCGGTTTTCTAAGTCTGATGTGAAAGCCTTCGGCTTAACCGGAGAAGTG	0.7631521974813396	1.4481513210249917	-0.1222709652770746	0.06592777996915	-0.06383768406410084	-0.8054427791682368	0.669945422311474
TACGTAGGGTGCGAGCGTTGTCCGGAATTACTGGGCGTAAAGAGCTCGTAGGTGGTTTGTCGCGTCGTTTGTGTAAGCCCGCAGCTTAACTGCGGGACTG	-0.5323055344510621	0.15633323869238058	-0.41821839779508085	0.48285052805798667	-1.4332066544582354	-0.5693342376795894	-0.7736536825698126
TACGTAGGGTGCGAGCGTTAATCGGAATTATTGGGCGTAAAGCGAGTGTAGACGGTTATTTAAGCCAGATGTGAAATACCCGAGCCTAACTTGGGAGGTG	0.3946006936144286	1.6332784601164834	1.1176270905147794	0.03094354897397178	-1.5884805687953936	0.046570033923041265	0.1317192946869623
TACGTATGGACCGAGCGTTGTCCGGAATCATTGGGCGTAAAGGGTACGTAGGCGGCCTAGTAAGTTAGAAGTGAAATAATATAGCTCAACTATATAAAGC	-0.37315553006416025	0.8184187383068577	-2.3699368473876703	1.9307822945679964	0.22057773980598583	0.2993969630154485	-1.2554907167952765
TACGTAGGTGGCAAGCGTTATCCGGAATTATTGGGCGTAAAGCGCGCGTAGGCGGTTTTTTAAGTCTGATGTGAAAGCCCACGGCTCAACCGTGGAGGGT	1.1163720828604156	1.4413479872656838	1.9816291096817262	0.8346284988488497	0.19710477504234447	1.1102530669125432	0.959613043566395
TACGTAGGTGGCAAGCGTTGTCCGGAATTATTGGGCGTAAAGCGCGCGCAGGTGGTTTAATAAGTCTGATGTGAAAGCCCACGGCTCAACCGTGGAGGGT	0.46671751561874686	1.797767610163786	0.6824612009536031	0.40090093642132896	0.8649390569637312	0.6941271211656446	1.9640753900009882
TACAGAGGGTGCAAGCGTTAATCGGAATTACTGGGCGTAAAGCGCGCGTAGGTGGTTTGTTAAGTTGGATGTGAAATCCCCGGGCTCAACCTGGGAACTG	-0.08095603760963144	-0.388837664513491	-0.28525700539243104	-0.5392335888777433	-2.0599983700801836	1.064162672654044	1.484373632569958
TACGTAAGGACCGAGCGTTGTCCGGAATCATTGGGCGTAAAGGGTACGTAGGCGGCTAGAAAAGTTAGAAGTCAAAGGCTATAGCTCAACTATAGTAAGC	-2.217791970341259	1.1825487323714272	0.677566594184519	-1.012978458109921	-0.2746814855625139	0.8043107121887321	-0.4852167929213751
TACGTAGGTGGCAAGCGTTGTCCGGAATTATTGGGCGTAAAGCGCGCGCAGGCGGCCTATCCAGTCTGTCTTAAAAGTTCGGGGCTCAACCCCGTGATGG	1.7006831807207519	0.1885534831000344	0.9698546591411832	1.859915828999454	-2.6211761006404863	1.174143792286765	0.8869344133261334
TACGTAAGGACCGAGCGTTGTCCGGAATCATTGGGCGTAAAGGGTACGTAGGCGGGTCATTAAGTTAGAAGTCAAAGGCTATAGCTCAACTATAGTAAGC	-0.6469785529065675	-0.3882987193154319	-1.3555423256744144	-1.975650453272885	1.3498893609951033	-1.3405531335917598	0.213705245156933
TACGGAGGGTGCGAGCGTTAATCGGAATAACTGGGCGTAAAGGGCACGCAGGCGGTGACTTAAGTGAGGTGTGAAAGCCCCGGGCTTAACCTGGGAATTG	-0.21985673484092416	0.42426139196882406	2.0410470727096803	2.689315891560489	-1.2242058285762774	1.1957833181771154	0.4072756205994379
TACAGAGGGTGCGAGCGTTAATCGGAATTACTGGGCGTAAAGCGAGTGTAGGTGGCTCATTAAGTCACATGTGAAATCCCCGGGCTTAACCTGGGAACTG	0.48131412688011466	0.4183559425784127	0.19567415744173555	1.0462189379300417	-0.3779332408000933	1.2417412113102788	0.30196708788459414
TACGTAGGTGGCAAGCGTTGTCCGGAATTATTGGGCGTAAAGCGCGCGCAGGCGGATTGGTCAGTCTGTCTTAAAAGTTCGGGGCTTAACCCCGTGATGG	1.188580397994464	0.9655054443193452	1.8970551255356076	1.8893115285004916	0.6096589944074644	1.6009417485150212	-0.7992284859221686
TACGTAGGGTGCGAGCGTTGTCCGGAATTACTGGGCGTAAAGAGCTCGTAGGTGGTTTGTCGCGTCGTCTGTGAAATTCCGGGGCTTAACTCCGGGCGTG	0.6636183676433021	-0.3729723385857566	-0.020494424997686167	0.4918822410668673	1.2757536402652754	-0.10353132973586376	0.027663293977428616
TACAGAGGGTGCGAGCGTTAATCGGATTTACTGGGCGTAAAGCGTGCGTAGGCGGCTTTTTAAGTCGGATGTGAAATCCCTGAGCTTAACTTAGGAATTG	0.16028547707313834	-1.453344672112368	-1.6119116780151126	-0.0847828027640043	0.5022363072941793	-0.5465584684458857	0.27797222485129947
TACGGAGGGTGCAAGCGTTATCCGGATTTATTGGGTTTAAAGGGTCCGTAGGTGGGTTGGTAAGTCAGTGGTGAAATCCTGCAGCTTAACTGTAGAATTG	0.5628654849838668	0.1504287429762856	1.2807789209495795	0.039840376671725686	-0.364049411683272	-1.0835777212229853	-0.9038301075499762
TACAGAGGGTGCAAGCGTTAATCGGATTTACTGGGCGTAAAGCGCGCGTAGGTGGCCAATTAAGTCAAATGTGAAATCCCCGAGCTTAACTTGGGAATTG	-0.14519017514472665	0.7067339428378121	0.7034136119495633	-1.0979621645842252	0.9264889887283339	0.5863997053059453	-0.9803488815825689
TACAGAGGGTGCAAGCGTTAATCGGAATTACTGGGCGTAAAGCGCGCGTAGGTGGTTTGTTAAGTTGAATGTGAAATCCCCGGGCTCAACCTGGGAACTG	0.2957150680136138	1.25369179329405	1.5351961615692389	-0.4668386217985807	-0.953605509667586	-3.1590763021556025	-0.8289156521361578
TACGGAGGGGGCTAGCGTTGTTCGGAATTACTGGGCGTAAAGCGCACGTAGGCGGACCAGAAAGTTGGGGGTGAAATCCCGGGGCTCAACCTCGGAACTG	-1.3036412554669923	1.3253707297755257	-1.167724513708472	1.0570858481492342	-0.17394123163719044	0.1463730644139165	-1.1194185579818
TACGGAGGGTGCAAGCGTTATCCGGATTTATTGGGTTTAAAGGGTCCGTAGGTGGGCTGATAAGTCAGCGGTGAAATCCTGCAGCTTAACTGTAGAACTG	-0.13997333821540536	0.03737214288244406	-0.7968641754974115	-0.964233660403317	0.8860467604110731	0.3530737470539922	0.4554836784798395
TACGTAGGGTGCAAGCGTTAATCGGAATTACTGGGCGTAAAGCGTGCGCAGGCGGTTCGGAAAGAAAGATGTGAAATCCCAGAGCTTAACTTTGGAACTG	-0.4773004609036988	-0.8257512740181907	0.2125027540336859	-0.8951362606917082	-0.42357502069969044	1.6299878071698064	-0.6589036549132574
TACAGAGGGTGCGAGCGTTAATCGGATTTACTGGGCGTAAAGCGTGCGTAGGCGGCTTTTTAAGTCGGATGTGAAATCCCCGAGCTTAACTTGGGAATTG	-0.87462573823219	-0.5835187129067396	0.9117113861452353	0.6495324957336726	0.6964995569298758	-0.3757620740977412	0.7771762420732271
TACGTAGGGGGCTAGCGTTGTCCGGAATCACTGGGCGTAAAGGGTTCGCAGGCGGAAATGCAAGTCAGATGTAAAAGGCAGTAGCTTAACTACTGTAAGC	-0.36025267419105234	0.034754545302488005	-0.9462503430236575	0.1881756547059359	-0.5014868744899736	-2.0656786848155146	0.3982617591816675
TACGGAAGGTCCAGGCGTTATCCGGATTTATTGGGTTTAAAGGGAGTGTAGGCGGTTGGTTAAGCGTGTTGTGAAATGTAGATGCTCAACATCTGACTTG	-1.959925587742383	-0.36906024733056864	0.9060263919841063	0.421552962359363	0.6025864842097057	-2.3850828100291377	-0.6722772682708014
TACAGAGGGTGCAAGCGTTAATCGGAATTACTGGGCGTAAAGCGCGCGTAGGTGGTTCGTTAAGTTGGATGTGAAATCCCCGGGCTCAACCTGGGAACTG	-0.3902825671125001	-0.9934565714882835	-0.23332502812039735	-0.9341546532545744	-0.6437719830562578	-2.055970518693078	2.0677377616364256
TACGGAGGATGCGAGCGTTATCCGGATTTATTGGGTTTAAAGGGTGCGTAGGCGGCCTGTTAAGTCAGCGGTGAAATCTAGGAGCTTAACTCCTAAATTG	-0.5606045084882325	0.37966260394582907	-1.346893453298926	1.1393779578770937	0.030413412184525868	0.025061101809393804	1.5117798482376825
TACGTAGGGTGCAAGCGTTAATCGGAATTATTGGGCGTAAAGCGAGTGCAGACGGTTACTTAAGCCAGATGTGAAATCCCCAAGCTTAACTTGGGACGTG	-0.5190084534574098	-0.5773796729134544	0.3177494171272528	-0.3016312953863798	-2.101959086327742	-0.44769260178481396	-0.05519377837593442
TACGTAGGGCGCGAGCGTTGTCCGGAATTATTGGGCGTAAAGAGCTTGTAGGCGGTTGGTCGCGTCTGCTGTGAAAGGCTGGGGCTTAACCCTGGTTTTG	1.0876140934538299	-0.7614307097481712	-0.6288185355056521	-0.4004549023543058	-0.3013744720508562	0.07143899907196705	0.35214037050788516
TACGTAGGGTGCGAGCGTTGTCCGGAATTACTGGGCGTAAAGAGCTCGTAGGTGGTTTGTCGCGTCGTTTGTGGAATACCGCAGCTTAACTGCGGGGTTG	-0.05399679717307748	-0.5529250792550071	-0.038698041139960004	-2.0708357331190763	0.7513847878883375	0.9355587374123449	-2.125209983686756
TACGGGGGGTGCGAGCGTTAATCGGAATAACTGGGCGTAAAGGGCACGCAGGCGGTGACTTAAGTGAGATGTGAAAGCCCCGGGCTTAACCTGGGAATTG	0.5721793216776305	0.03505048236379782	-0.22177269428861113	0.4689167651500048	0.40310401532154216	0.5034644018563146	-0.4580929840605963
TACGGAGGGTGCAAGCGTTAATCGGAATTACTGGGCGTAAAGCGCACGCAGGCGGTCTGTTAAGTCAGATGTGAAATCCCCGGGCTTAACCTGGGAACTG	-0.8821088629651612	-0.9288847140358909	-0.5766659018386591	0.3941695752705874	0.6412053691903843	-0.36851355324660595	-0.6040975416701544
TACGTAGGGTGCGAGCGTTATCCGGAATTATTGGGCGTAAAGAGCTCGTAGGCGGTTTGTCGCGTCTGTCGTGAAAGTCCGGGGCTTAACCCCGGATCTG	-0.37933820065742196	0.5241936751318947	-2.5387538906921137	-0.5377326247130094	0.34183349523048534	0.05592569817627613	-1.0466667974990118
TACGGAGGGGGCTAGCGTTGTTCGGAATTACTGGGCGTAAAGCGCACGTAGGCGGACTGGAAAGTCAGAGGTGAAATCCCAGGGCTCAACCTTGGAACTG	-1.0432361918378419	0.3650493927908913	-0.8225634333480594	-1.1191433903608976	0.37888886842231884	1.254276574746024	-0.4053081835311163
TACGTAGGGCGCAAGCGTTGTCCGGAATTATTGGGCGTAAAGAGCTCGTAGGCGGTTTGTCGCGTCTGCTGTGAAAGCCCGGGGCTTAACCCCGGGTGTG	-0.01077526387458505	0.5865540512515084	-0.11777528494489076	-1.349676513377255	0.10418065700035228	0.7193612914236898	-0.7928120459120978
TACGTAGGGTGCGAGCGTTAATCGGAATTACTGGGCGTAAAGCGAGCGCAGACGGTTACTTAAGCAGGATGTGAAATCCCCGGGCTCAACCTGGGAACTG	-0.12341570433860483	1.172658414454557	-0.003860079943059702	0.508958614167148	-0.8440721997310625	-0.11598679314528759	-1.5562319124739874
TACGGAAGGTCCGGGCGTTATCCGGATTTATTGGGTTTAAAGGGAGCGTAGGCTGTCTATTAAGCGTGTTGTGAAATTTACCGGCTCAACCGGTGGCTTG	1.046147410304492	-0.5899052313851341	-0.9492036339629886	-0.31158103913409096	-0.2722377547313677	-0.21837791691695507	1.2419377302128565
TACGTAGGGTGCGAGCGTTGTCCGGAATTACTGGGCGTAAAGAGCTCGTAGGTGGTTTGTTGCGTCGTCTGTGAAATTCCGGGGCTTAACTTCGGGGTGG	-0.39633148488288583	-1.3476243905114158	-0.09378596514356108	-1.9864996907149015	-1.402373886971663	0.5694559823426122	0.32919425119941437
TACAGAGGGTGCGAGCGTTAATCGGATTTACTGGGCGTAAAGCGTGCGTAGGCGGCTTCTTAAGTCGGATGTGAAATCCCTGAGCTTAACTTAGGAATTG	0.9258539271664077	-0.46456405439843973	-1.2595950600494135	-0.3271824356947599	0.6332234108569814	-0.06069114695464428	0.14365780701224917
TACGTAGGTGGCAAGCGTTGTCCGGATTTATTGGGCGTAAAGCGAGCGCAGGCGGTCAATTAAGTCTGATGTGAAAGCCCCCGGCTCAACCGGGGAGGGT	-0.14306890544181528	-0.5723207882927879	0.9528753671060803	1.651933765705997	-0.962665773301314	0.15973970402802173	0.9166563318419945
TACGTAGGGCGCGAGCGTTGTCCGGAATTATTGGGCGTAAAGAGCTTGTAGGCGGTTTGTCGCGTCTGCTGTGAAAGGCCGGAGCTTAACTCCGTGTATT	1.2739461106371337	0.8370837484164015	2.911201811135889	1.385337746437961	-0.654252744584273	-1.3759301591960078	-0.6266874636214483
TACGGAAGGTCCAGGCGTTATCCGGATTTATTGGGTTTAAAGGGAGCGTAGGCTGGAGATTAAGTGTGTTGTGAAATGTAGACGCTCAACGTCTGAATTG	-0.18534040030723276	2.0135450669241926	0.5904053363214734	-0.3416756626997648	-0.8036983975460039	-0.39366146813308056	-0.26466399083549863
TACGGAAGGTCCGGGCGTTATCCGGATTTATTGGGTTTAAAGGGAGCGTAGGCCGGAGATTAAGCGTGTTGTGAAATGTAGATGCTCAACATCTGCACTG	-1.23759120282417	0.359244109006025	-0.36213293045651795	-0.33813765019518716	1.1600824824283613	0.9076588388236875	-1.7739555204909552
TACGGAGGGCGCGAGCGTTACCCGGATTCACTGGGCGTAAAGGGCGTGTAGGCGGCCTGGGGCGTCCCATGTGAAAGACCACGGCTCAACCGTGGGGGAG	0.982660074264949	0.3376652308417336	-0.18124344318997831	-1.505351209345883	-0.6332670220424639	-1.1829756189433223	-1.6044904554885138
TACGTAGGGTGCGAGCGTTAATCGGAATTACTGGGCGTAAAGCGGGCGCAGACGGTTACTTAAGCAGGATGTGAAATCCCCGGGCTCAACCTGGGAATTG	0.744865475933274	-1.1758612088250144	-0.8087496992934939	-1.523260497752255	-0.12018743839759694	1.1805219959172124	-0.584066447119068
TACGTAGGGGGCAAGCGTTATCCGGATTCATTGGGCGTAAAGCGCTCGTAGGCGGTCTGTTAGGTCGGGAGTTAAATCCGGGGGCTCAACCCCCGTTCGC	0.9026708495926314	-0.6989926985787376	0.14903143674242525	0.40428886443036216	-0.5661668547679888	0.771392242208373	-0.20450430760795957
TACGTAGGTGACAAGCGTTGTCCGGATTTATTGGGCGTAAAGGGAGCGCAGGCGGTCTGTTTAGTCTAATGTGAAAGCCCACGGCTTAACCGTGGAACGG	0.1936311167787963	0.4334242948008553	0.9633806559454205	-0.06481834620577676	0.7240299216220869	-0.6943063427058345	-0.46393137822563535
TACGTAGGGTGCAAGCGTTGTCCGGAATTACTGGGCGTAAAGAGCTCGTAGGTGGTTTGTCACGTCGTCTGTGAAATTCCACAGCTTAACTGTGGGCGTG	-0.6653984147000855	-0.8723787955330824	0.017690038980126666	0.8773582491244616	1.212313019366075	-1.8346746851054316	0.31424260487144107
TACGTAGGGTGCGAGCGTTGTCCGGAATTACTGGGCGTAAAGGGCTCGTAGGTGGTTTGTCGCGTCGTCTGTGAAATTCTGGGGCTTAACTCCGGGCGTG	-1.6633726912427491	0.5442014046622292	1.2180244985233548	-0.038391017619198387	-1.0041160353710161	-1.729838459595788	-0.5929976070922125
TACGTAGGGTGCAAGCGTTAATCGGAATTACTGGGCGTAAAGAGTGCGCAGGCGGTTTTGCAAGACCGATGTGAAATCCCCGGGCTTAACCTGGGAACTG	-0.2265114146161622	1.7429179855299974	-0.10367354124677153	0.6715045410360636	0.1503309241245283	-0.36708864460860546	-0.21423226247246152
TACAGAGGGTGCAAGCGTTAATCGGAATTACTGGGCGTAAAGCGCGCGTAGGTGGTTATTTAAGTCAGATGTGAAAGCCCCGGGCTTAACCTGGGAACTG	-0.8046923237729615	1.0717664369059579	0.6274269136797201	-0.1926040288839994	-0.04195258703727589	0.02843567837799732	1.156545046468426
TACAGAGGGTGCAAGCGTTAATCGGAATTACTGGGCGTAAAGTGCGCGTAGGTGGTTATTTAAGTCAGATGTGAAAGCCCCGGGCTTAACCTGGGAACTG	0.8423421126913482	0.2923696347189919	-0.4378067490447748	-0.9044358965788541	0.37720329377155437	-0.939339010819543	0.6461092566448938
TACGTATGTCACGAGCGTTATCCGGATTTATTGGGCGTAAAGCGCGTCTAGGTGGTTATGTAAGTCTGATGTGAAAATGCAGGGCTCAACTCTGTATTGC	-1.1450775223661012	1.9460722514105817	-0.21271767586362333	0.1695395472611727	0.10893949183921947	-1.2704990793315059	0.6269268130261194
TACGTAGGTGGCAAGCGTTGTCCGGATTTATTGGGCGTAAAGCGAGCGCAGGCGGAAGAATAAGTCTGATGTGAAAGCCCTCGGCTTAACCGAGGAACTG	-1.2771665411878175	0.23423144301901022	0.06178358823168395	-0.9561912056837736	-0.712673998742293	-0.4964179683772212	-0.6547473038237799
TACGGAAGGTCCGGGCGTTATCCGGATTTATTGGGTTTAAAGGGAGCGTAGGCTGGAGATTAAGTGTGTTGTGAAATGTAGACGCTCAACGTCTGACTTG	-0.11345749673133554	-0.14885184088220438	0.2873036029945615	0.04298547535794395	-0.9745238789607988	0.4459181140812749	-1.0014957750838507
TACAGAGGGTGCGAGCGTTAATCGGAATTACTGGGCGTAAAGCGAGCGTAGGTGGTTTATTAAGTCAGATGTGAAATCCCTGGGCTTAACCTAGGAACTG	-0.22996758994346322	-0.7174365214394554	-0.4411254164565799	2.120344972905093	-1.359312272935103	-0.19764205704604443	-2.0198091829818
TACGAAGGGGGCTAGCGTTGCTCGGAATTACTGGGCGTAAAGGGAGCGTAGGCGGACATTTAAGTCAGGGGTGAAATCCCGGGGCTCAACCTCGGAATTG	1.60716319504494	0.9481457628918664	-0.9708031651366937	-0.3767764803801237	1.9380660286853804	-0.6695604015437251	-0.7931089962523687
TACGGAGGGTGCAAGCGTTACTCGGAATCACTGGGCGTAAAGGACGCGTAGGCGGATTATCAAGTCTCTTGTGAAATCTAACGGCTTAACCGTTAAACTG	-0.24505215462928476	-1.4528714112328514	0.7677240601937783	0.021485960778170998	-2.138511277108382	-0.01527234803115185	-0.2719261015456427
TACGGAAGGTCCGGGCGTTATCCGGATTTATTGGGTTTAAAGGGAGCGTAGGCCGGAGATTAAGCGTGTTGTGAAATGTAGACGCTCAACGTCTGCACTG	0.2754485351156646	-0.03788307228555521	-1.216801309286475	-2.0399104592238126	0.1727042129943861	0.9548743527087087	0.8980437854613861
TACGTAGGGTGCGAGCGTTGTCCGGATTTATTGGGCGTAAAGGGCTCGTAGGTGGTTGATCGCGTCGGAAGTGTAATCTTGGGGCTTAACCCTGAGCGTG	-0.1418611961293763	0.08704492530355701	1.3992058995376828	0.6122262391413988	-0.054734087853621105	1.6013052772435064	-0.4848154152434576
TACGGAAGGTTCGGGCGTTATCCGGATTTATTGGGTTTAAAGGGAGCGTAGGCCGTTTGGTAAGCGTGTTGTGAAATGTAGGAGCTCAACTTCTAGATTG	0.8791917008470946	0.49589970788488547	0.38912511497843294	-1.9547270771895109	-0.5770894059230791	-2.1354561735240107	-0.7514178122084845
TACGTAGGGCGCAAGCGTTGTCCGGAATTATTGGGCGTAAAGAGCTCGTAGGCGGCTGGTCGCGTCTGTCGTGAAAACTTCCGGCTCAACCGGGGGCTTG	0.21394229355568228	1.1962374754858995	-0.8211547371734378	0.0706846478547396	0.3764535567472471	-1.816583483323205	1.5141668950516474
TACGTATGGTGCAAGCGTTATCCGGATTTACTGGGTGTAAAGGGAGCGCAGGCGGTGCGGCAAGTCTGATGTGAAAGCCCGGGGCTCAACCCCGGTACTG	0.6846213569056445	1.022609473080733	-2.2868443962920892	-1.76529278725726	-0.07024536219138966	1.3565591286572332	-0.5047475660842169
TACGTAGGTGGCAAGCGTTGTCCGGATTTATTGGGCGTAAAGCGAGCGCAGGCGGATTGATAAGTCTGATGTGAAAGCCTTCGGCTCAACCGAAGAACTG	0.7737173163455182	0.13590642890463034	-1.219116115270972	-0.1313523885641752	-0.7498872050334917	-0.6791982341853267	-1.8168422544997442
TACGTAGGGCGCGAGCGTTGTCCGGAATTATTGGGCGTAAAGGGCTTGTAGGCGGTTGGTCGCGTCTGCCGTGAAATCCTCTGGCTTAACTGGGGGCGTG	1.1198256355833465	1.3003772207213418	0.6774235206853154	0.9633419278230013	-0.7890344628383623	-0.12303718815718945	-1.6216120089095343
TACGGAAGGTCCAGGCGTTATCCGGATTTATTGGGTTTAAAGGGAGCGTAGGCCGTGGATTAAGCGTGTTGTGAAATGTAGACGCTCAACGTCTGAATTG	-0.615326102345044	0.5321428485823656	0.6635677579056027	-1.0750257012282072	-0.8643450507213579	-0.6527363945094233	-1.4945158327620733
TACAGAGGGTGCAAGCGTTAATCGGATTTACTGGGCGTAAAGCGCGCGTAGGCGGCTAATTAAGTCAAATGTGAAATCCCCGAGCTTAACTTGGGAATTG	-0.6242212611127442	-1.3009746960686668	0.6592423680435422	-0.5783232685957609	-0.14325777378578053	0.7398143347057218	-0.003117438654254734
TACAGAGGGTGCGAGCGTTAATCGGATTTACTGGGCGTAAAGCGTGCGTAGGCGGCTAATTGAGTCGGATGTGAAATCCCCGAGCTTAACTTGGGAATTG	-0.2990460949826783	0.39512565812597433	-1.4962312218536136	0.02835277348416465	0.4450172117660536	-0.32518145333205517	0.5883418654400598
TACGTAGGGCGCGAGCGTTGTCCGGAATTATTGGGCGTAAAGAGCTCGTAGGCGGCTGGTCGCGTCTGTCGTGAAATCCTCTGGCTTAACTGGGGGCTTG	-1.7612537699628419	-0.44420477667322	-0.3433621165145633	1.4332456353272738	1.2067377201030745	0.42559525479401294	0.305968347688367
TACGTAAGGACCGAGCGTTGTCCGGAATCATTGGGCGTAAAGGGTACGTAGGCGGGTTTTTAAGTTAGAAGTCAAAGGCTATAGCTCAACTATAGTAAGC	1.3044846099924499	0.19243636807928244	-0.11018075913083525	1.0376393261517824	0.013987742991258045	-0.44865533600722607	-1.2529744471114386
TACGAAGGGTGCAAGCGTTACTCGGAATTACTGGGCGTAAAGCGTGCGTAGGTGGTCGTTTAAGTCCGTTGTGAAAGCCCTGGGCTCAACCTGGGAACTG	0.09704858484978018	-1.0178862504052146	-0.8379526373733279	0.36359543233769553	0.032665394873429676	0.5904183249625081	0.13740158428733462
TACGTAGGGTGCGAGCGTTAATCGGAATTACTGGGCGTAAAGCGGGCGCAGACGGTTACTTAAGCAGGATGTGAAATCCCCGGGCTCAACCTGGGAACTG	0.3178695780348235	1.7145249553633706	-0.7022511002410639	-1.7034465310011564	-0.28087816324729786	0.4161872576626653	-0.5759047831099737
TACGTAGGGCGCAAGCGTTGTCCGGAATTATTGGGCGTAAAGAGCTTGTAGGTGGCTTGTCGCGTCTGCCGTGAAAACCCGAGGCTCAACCTCGGGCGTG	-1.7667621928144044	-0.8543189457940086	-1.5893403527129886	2.1646580460633573	0.11747147950630321	-0.41357156525527294	0.8808815793443214
TACGTAGGGTGCAAGCGTTAATCGGAATTACTGGGCGTAAAGCGTGCGCAGGCGGTTATGCAAGACAGAGGTGAAATCCCCGGGCTCAACCTGGGAACTG	1.9097690028261596	-0.7333030394600852	1.5529432061325315	-0.9813894268904386	1.3421966663311018	-0.15209129343901928	0.405190977950741
TACGGAGGGTGCAAGCGTTATCCGGATTTATTGGGTTTAAAGGGTCCGTAGGCGGATCTGTAAGTCAGTGGTGAAATCTCACAGCTTAACTGTGAAACTG	0.726961363584941	-1.1510475567864402	0.9017420175682309	-0.5163266894255338	-0.4328989752819048	0.45109537352646534	0.03403741468970889
TACGTAAGGTCCGAGCGTTGTCCGGAATCATTGGGCGTAAAGGGTACGTAGGCGGATAAGCAAGTTAGAAGTGAAATCCTATAGCTCAACTATAGTAAGC	-2.2346031027722892	-1.0118965796517356	-0.1855537530769107	0.5670053425397219	-0.009215927987288097	-1.3270736623850947	0.16029787411277407
TACGTAGGGGGCAAGCGTTATCCGGATTTACTGGGTGTAAAGGGAGCGTAGACGGCATGGCAAGCCAGATGTGAAAGCCCGGGGCTCAACCCCGGGACTG	-0.2639295416760987	-0.11152246513833841	0.34279120594370394	0.16950885086911338	-0.17978749361533986	0.4296346317681188	-1.2727138365309942
TACGTAGGGTGCGAGCGTTAATCGGAATTACTGGGCGTAAAGAGTGCGCAGGCGGTTTTGCAAGACCGATGTGAAATCCCCGGGCTTAACCTGGGAACTG	0.6470385310363227	0.7208299644900338	-0.07743587463986756	-0.6995603081618009	0.3122104934165968	-1.394321053132165	0.45395404448096865
TACGGAGGGTGCGAGCGTTAATCGGAATAACTGGGCGTAAAGGGCACGCAGGCGGACTTTTAAGTGAGGTGTGAAAGCCCCGGGCTTAACCTGGGAATTG	1.825304452807849	-1.3107355526970847	-2.090190553366064	0.8992342713441195	-0.8845852383663164	0.9189105715307111	-0.07208764205391294
TACGGAAGGTCCGGGCGTTATCCGGATTTATTGGGTTTAAAGGGAGCGTAGGCCGCCAGGTAAGCGTGTTGTGAAATGTACCGGCTCAACCGGTGAATTG	-0.15036624249702157	-0.9458608321236595	0.053886747659325884	-0.40356471509081704	0.4839602938602461	0.7404439087661618	1.1789112423855563
TACGGAGGGTGCGAGCGTTAATCGGAATAACTGGGCGTAAAGGGCACGCAGGCGGTTATTTAAGTGAGGTGTGAAAGCCCCGGGCTTAACCTGGGAATTG	0.9959136289667541	-1.671230643181704	0.9418411168466809	1.3257021072472872	0.7716358682821287	0.853487373486411	1.2285839353997003
TACGTAGGGTGCGAGCGTTGTCCGGAATTACTGGGCGTAAAGAGCTCGTAGGTGGTCTGTCGCGTCATTTGTGAAAGCCCGGGGCTTAACTCCGGGTTGG	0.17248952809089957	0.7884639509631173	0.4257460001121771	-0.4597209927473722	1.3069070807407392	0.7084448050412053	1.6539057527977716
TACGGAAGGTCCAGGCGTTATCCGGATTTATTGGGTTTAAAGGGAGCGTAGGCGGATTATTAAGTCAGTGGTGAAAGACGGTGGCTCAACCATCGTTAGC	0.06452417793983756	0.041095585436918824	-0.6893210646499393	-0.47594215840441567	0.6953377431939138	-0.14268854151641186	1.2667612170178186
TACGGAGGATGCGAGCGTTATCCGGATTTATTGGGTTTAAAGGGTGCGTAGGCGGTTTGTTAAGTCAGCGGTGAAATCTAGAGGCTCAACCTCGAAACTG	-0.9375442820478028	-0.9395258120583518	-0.3592907425750491	2.4631619217957796	0.20198329600792064	0.13243046511734669	1.6931812797981989
TACGTAGGTGGCAAGCGTTGTCCGGATTTATTGGGCGTAAAGCGAGCGCAGGCGGTTCCTTAAGTCTGATGTGAAAGCCCCCGGCTCAACCGGGGAGGGT	-0.06694304522758188	0.29563835343847433	-1.0229062077392337	0.15307638674634116	-1.5494898327877031	-0.7259406734553462	0.9979564954835665
TACGGAGGGTGCAAGCGTTATCCGGACTTATTGGGTTTAAAGGGTCCGTAGGCGGGTTATTAAGTCAGTGGTGAAATCTCATAGCTCAACTATGAAACTG	0.741501591646319	0.8780069973928706	-0.08349540203702333	0.8278435829247774	-0.347094632058333	1.0031765263232106	-0.32159810910637265
TACGGAAGGTCCAGGCGTTATCCGGATTTATTGGGTTTAAAGGGTGCGTAGGCCGTTTGATAAGCGTGCTGTGAAATATAGTGGCTCAACCTCTATCGTG	-0.3689381438184327	0.46089828094969043	-0.2404601809371698	-0.7709968325529752	-0.12171862211723194	-0.7267945695963984	-0.5106345976393927
TACGGAGGATCCGAGCGTTATCCGGATTTATTGGGTTTAAAGGGAGCGTAGGTGGACTGGTAAGTCAGTTGTGAAAGTTTGCGGCTCAACCGTAAAATTG	0.7087985915255004	0.819958337457277	-1.4304892060149905	-0.49385073155505044	-1.021980501084517	-1.7152138639536982	-0.5246695841353644
TACGTAGGGCGCGAGCGTTGTCCGGAATTATTGGGCGTAAAGAGCTTGTAGGCGGTTGGTCGCGTCTGCTGTGAAAGGCCGGGGCTTAACTCCGGTTTTG	1.4256920260500365	0.15321794232855002	-0.5018781658996341	1.7451504233445467	2.4909824362705244	0.9991236637982244	-0.6645670498412359
TACGGAGGATGCGAGCGTTATCCGGAATCATTGGGTTTAAAGGGTCCGTAGGCGGGCTGATAAGTCAGAGGTGAAAGCGCTTAGCTCAACTAAGCAACTG	-0.5983400898862428	0.27937749108801047	0.12416139870989351	-0.28833492964846474	-0.11300609198112355	-0.3433640886393672	-0.7996388042968023
TACGTAGGTGGCAAGCGTTGTCCGGAATTATTGGGCGTAAAGCGCGCGCAGGCGGATCAGTTAGTCTGTCTTAAAAGTTCGGGGCTTAACCCCGTGATGG	-1.1738266306806153	1.762056619734861	-1.4304038521636722	-0.4778031346235929	-0.8527735241939531	-1.141338317498315	1.5462222134072077
TACGTATGTCGCGAGCGTTATCCGGAATTATTGGGCATAAAGGGCATCTAGGCGGCCTGACAAGTCAGGGGTGAAAACCTGCGGCTCAACCGCAGGCCTG	0.08381218138450919	0.3924697049571053	0.5923383298527005	-0.02093877762896401	0.034592413039018055	-0.07840910445128735	0.7871654068428766
TACGGAAGGTCCGGGCGTTATCCGGATTTATTGGGTTTAAAGGGAGCGTAGGCCGTGGATTAAGCGTGTTGTGAAATGCAGGTGCTCAACGTCTGCACTG	-0.40706270512824716	-0.21501716890802225	0.9655332478891614	1.0230172041024508	2.5439542761753096	0.7091545547994489	0.36691820969169253
TACGTATGTCACAAGCGTTATCCGGATTTATTGGGCGTAAAGCGCGTCTAGGTGGTTATATAAGTCTGATGTGAAAATGCAGGGCTCAACTCTGTATTGC	1.7197926086496764	0.49847942671308676	-0.7483750817168939	0.015172517594272072	0.5930744006047739	-0.4956719566432124	-1.341361221174549
TACGGAAGGTCCAGGCGTTATCCGGATTTATTGGGTTTAAAGGGAGCGTAGGCGGATTGTTAAGTCAGCGGTTAAAGGGTGTGGCTCAACCATACATTGC	-0.08269208249335946	-0.7789141825722679	-0.07454999655377836	-2.375322484675473	0.8344339809129728	0.2854268859776372	-1.3664333189528692
TACGTAGGGGGCAAGCGTTATCCGGATTTACTGGGTGTAAAGGGAGCGCAGACGGCGAAGCAAGTCTGAAGTGAAATGCATGGGCTCAACCCATGAATTG	1.0704464358400756	-0.20580813208093485	0.15714988738405733	-2.506215476695126	1.2962100139568342	0.8355667639228219	0.11702406754081363
TACAGAGGTCTCAAGCGTTGTTCGGAATCACTGGGCGTAAAGCGTGCGTAGGCTGTTTCGTAAGTCGTGTGTGAAAGGCGCGGGCTCAACCCGCGGACGG	1.157237772376483	-0.8452603510903334	-0.3255642887939212	2.4925490382279696	0.6538884292105926	0.4474563907536382	0.2061446343857538
TACGGAGGGTGCAAGCGTTACTCGGAATCACTGGGCGTAAAGGACGCGTAGGCGGATTATCAAGTCTCTTGTGAAATCCTATGGCTTAACCATAGAACTG	0.8396874112200194	-0.18342038908471903	-0.2883699175704706	-0.3681288000975309	0.23940678748588695	0.743345015838992	0.33646625628059024
TACAGAGGGTGCAAGCGTTAATCGGAATTACTGGGCGTAAAGCGCGCGTAGGTGGTTAGTTAAGTTGGATGTGAAATCCCCGGGCTCAACCTGGGAACTG	-0.6756223994184083	1.342358351559736	0.7174495446692708	-0.15506496399981362	-0.7406946190883623	-1.1207927156535273	0.1575430070359003
TACGGAGGGGGCTAGCGTTGTTCGGAATTACTGGGCGTAAAGCGCACGTAGGCGGCGATTTAAGTCAGAGGTGAAAGCCCGGGGCTCAACCCCGGAACTG	-0.47275882539039316	0.5858984299613015	0.52959830194819	0.04458591967480796	-0.17316249695319996	-0.699859349831689	0.520581785340954
TACGGAGGGTGCAAGCGTTAATCGGAATTACTGGGCGTAAAGCGCACGCAGGCGGTTGGATAAGTTAGATGTGAAAGCCCCGGGCTCAACCTGGGAATTG	-0.5199314909864015	0.6006495364619271	-1.532667779623389	0.7018378942425789	-0.18268308725852833	-1.2866910387126094	-1.8349756563704709
TACGTAGGGGGCAAGCGTTATCCGGATTCATTGGGCGTAAAGCGCTCGTAGGCGGTCTGTTAGGTCGGGAGTTAAATCCGGGGGCTCAACCCCCGCTCGC	-0.37881916341071786	0.2570460744811074	-1.0115349528182742	-0.7922049996290861	0.8484161427925123	2.02870157469834	0.8606225808460009
TACGTATGTCGCAAGCGTTATCCGGAATTATTGGGCATAAAGGGCATCTAGGCGGCCAGATAAGTCTGGGGTGAAAACTTGCGGCTCAACCGCAAGCCTG	-0.19641077098136606	0.5294540234519021	-0.5531808373321292	-0.798119330111569	-2.3726738461544024	-0.8186812091914302	1.6447985207039606
TACGTATGTCGCAAGCGTTATCCGGAATTATTGGGCATAAAGGGCATCTAGGCGGCCCTGTAAGTCTAGGGTGAAAACCTGCGGCTCAACCGCAGGCCTG	-2.2438973742414055	-0.21401342669000378	-0.1430054542411554	-1.639084005061215	-0.1491034397174822	-1.0131491113749629	0.6472361569601786
TACGGAGGATGCGAGCGTTATTCGGAATCATTGGGTTTAAAGGGTCTGTAGGCGGGCTATTAAGTCAGGGGTGAAAGGTTTCAGCTTAACTGAGAAATTG	2.91702944460625	-0.545867054848574	1.0002405706058743	0.715176510360414	0.6288607015023722	-0.006564049824822504	0.13349765886848086
TACGTAGGGTGCAAGCGTTGTCCGGATTTACTGGGCGTAAAGAGCTCGTAGGTGGTGTGTCGCGTCGTCTGTGAAATTCCGGGGCTTAACTCCGGGCGTG	1.2825044435572082	0.44037303409109274	0.48689300447809725	1.800628400143558	-1.8987017640163408	-0.6172550607768184	-1.2027556265395392
TACGTATGTCGCGAGCGTTATCCGGAATTATTGGGCATAAAGGGCATCTAGGCGGCCGGATAAGTCTGGGGTGAAAACTTGCGGCTCAACCGCAAGCCTG	0.4653989118647033	-2.177653878121279	1.3040154936920416	1.0476448598470034	2.024974369139482	0.5361121903809423	1.2562608455616724
TACGTAGGGTGCGAGCGTTAATCGGAATTACTGGGCGTAAAGCGAGCGCAGACGGTTTATTAAGCAAGATGTGAAATCCCCGAGCTTAACTTGGGAACTG	-0.8058641510892457	-0.8661966017769798	2.150829768479944	0.987943834361011	-0.04198262777824269	0.777167902484786	-0.25193327317650205
TACGGAAGGTCCGGGCGTTATCCGGATTTATTGGGTTTAAAGGGAGTGTAGGCGGCCTGTTAAGCGTGTTGTGAAATGTAGATGCTCAACATCTGAACTG	-1.6551052885938233	1.0521635123206154	-0.9518969294418085	0.6360685589875521	-1.614698744683455	-0.611254065140832	-0.21821933637077695
TACGTAGGGGGCTAGCGTTATCCGGAATTACTGGGCGTAAAGGGTGCGTAGGTGGTTTCTTAAGTCAGAGGTGAAAGGCTACGGCTCAACCGTAGTAAGC	-1.3952457266736573	-0.16482254782190164	-1.5634774205077884	0.376785672005588	1.9130561581562056	2.9434079240712037	0.75672088911121
TACGTAGGTGGCAAGCGTTATCCGGATTTATTGGGCGTAAAGCGAGCGCAGGCGGTTGCTTAGGTCTGATGTGAAAGCCTTCGGCTTAACCGAAGAAGTG	1.5044700545381957	-1.6100676945733046	1.0442865255485785	0.5857313337888064	-0.1565007933666216	0.06194773425186817	0.1478129660088312
TACGGAGGGAGCTAGCGTTGTTCGGAATTACTGGGCGTAAAGCGCACGTAGGCGGCGATTTAAGTCAGAGGTGAAAGCCCGGGGCTCAACCCCGGAACTG	0.5369804245542937	0.5371229656649605	0.4665662112842801	-0.016415500346249168	1.2911023131320967	0.8050760595763737	-0.35471838365013486
TACGGAGGGTGCGAGCGTTAATCGGAATAACTGGGCGTAAAGGGCACGCAGGCGGCTATTTAAGTGAGGTGTGAAATCCCCGGGCTTAACCTGGGAATTG	0.27803990665191947	-0.12948968925943216	-2.0091637608398196	-0.17996414870364053	-0.4346171387722002	-1.2577675272074824	-0.6536292398970831
TACGTAGGGTGCAAGCGTTAATCGGAATTACTGGGCGTAAAGCGTGCGCAGGCGGTTATGCAAGACAGATGTGAAATCCCCGGGCTCAACCTGGGAACTG	-1.3959106760907716	0.08309677323827902	-0.932627701460242	0.23782832055943626	-0.22619161692161427	2.6499601911457886	-1.4784130419295538
TACGTAGGTGGCAAGCGTTGTCCGGAATTATTGGGCGTAAAGCGCGCGCAGGCGGATCTGCCAGTCTGTCTTAAAAGTTCGGGGCTCAACCCCGTGATGG	1.442183081538623	-0.15567263880243143	0.4957203629623663	0.7822491589154543	0.33224412116508617	-0.04974701891814526	-0.2357229555648077
TACGTAGGGCGCGAGCGTTGTCCGGAATTATTGGGCGTAAAGAGCTTGTAGGCGGTTTGTCGCGTCTGCTGTGAAAGGCCGGGGCTTAACTCCGTGTATT	1.1365408939432555	0.44431805691251913	-2.676283740698217	0.7516923497583212	0.370803796381761	1.44131258238877	0.287444475789715
TACGTAGGTGGCGAGCGTTATCCGGATTTACTGGGCGTAAAGGGAGCGTAGGCGGATGATTAAGTGGGATGTGAAATACCCGGGCTCAACTTGGGTGCTG	-0.05161964473014535	0.9327366583658234	-0.26047935455930205	1.134365952309543	0.4619968018243803	-0.5184983898249751	-0.41938489327843076
TACGGAAGGTCCGGGCGTTATCCGGATTTATTGGGTTTAAAGGGAGCGTAGGCTGTCTATTAAGCGTGTTGTGAAATATACCGGCTCAACCGGTGGCTTG	0.1276491922449523	-1.3826716832207664	0.14259127408373473	0.20611400037663596	-0.7918227681209551	1.5514095138462896	-0.33446102986748105
TACGGAGGATCCGAGCGTTATCCGGATTTATTGGGTTTAAAGGGTGCGTAGGCGGCCTTTTAAGTCAGCGGTGAAAGTCTGTGGCTCAACCATAGAATTG	-0.5888455468106812	-1.550355284600161	1.405067599118829	-0.5538083550368009	0.2936747005889906	0.6482549320610875	0.4291741882759821
TACGGAGGGTGCAAGCGTTATCCGGATTTATTGGGTTTAAAGGGTCCGTAGGTGGGTTAGTAAGTCAGTGGTGAAATCCTGCAGCTTAACTGTAGAATTG	-0.0998896318364686	1.2619877763701455	0.24981335431444673	0.3625188830460848	1.0846809676597609	-0.33914181481276806	1.3890027736622583
TACGTATGTCGCAAGCGTTATCCGGAATTATTGGGCATAAAGGGCATCTAGGCGGCCAGACAAGTCTGGGGTGAAAACTTGCGGCTCAACCGCAAGCCTG	0.6088583660435134	-0.22729441442956766	0.8656707021604779	0.22535464793103355	0.724894874424745	0.8078987120355183	0.6744653468329203
AACGTAGGTCACAAGCGTTGTCCGGAATTACTGGGTGTAAAGGGAGCGCAGGCGGGAAGACAAGTTGGAAGTGAAATCCATGGGCTCAACCCATGAACTG	-0.35926955518012704	-0.07858654776086649	-0.6621933218826053	-0.7067092892561613	-0.40355203238029347	-2.4784005571452266	0.4805478488404047
AACGTAGGTCACAAGCGTTGTCCGGAATTACTGGGTGTAAAGGGAGCGCAGGCGGGAGAACAAGTTGGAAGTGAAATCCATGGGCTCAACCCATGAACTG	0.818117905886119	-0.2844023398446067	-0.7888653513778445	-1.107651972476071	0.13747447046737804	-0.2889858175364619	0.4967618023354303
TACGTAGGGGGCAAGCGTTATCCGGATTTACTGGGTGTAAAGGGAGCGTAGACGGTGTGGCAAGTCTGATGTGAAAGGCATGGGCTCAACCTGTGGACTG	1.4724128288340026	0.1308136888457314	0.6975288602720502	-0.8403048750792204	1.0079240730712904	0.28239879120911304	-0.18315392384941465
TACGTAGGGGGCAAGCGTTATCCGGAATTACTGGGTGTAAAGGGTGCGTAGGTGGTATGGCAAGTCAGAAGTGAAAACCCAGGGCTTAACTCTGGGACTG	-0.11217158612495126	0.2188741274786965	-0.2023662564147708	-0.10378589600664956	-1.7666016587306963	0.2026426505001897	-0.4768782223265875
TACGTAGGTGGCAAGCGTTGTCCGGATTTACTGGGTGTAAAGGGCGTGTAGCCGGGAAGGCAAGTCAGATGTGAAATCCACGGGCTTAACTCGTGAACTG	-0.3560789185453004	0.7209547170115487	-0.16428627937924833	0.6801956069807948	0.05160620126228466	-0.6243370462504512	0.09857714523856753
TACGTAGGGGGCAAGCGTTATCCGGATTTACTGGGTGTAAAGGGAGCGTAGACGGTTTTGCAAGTCTGAAGTGAAAGCCCGGGGCTTAACCCCGGGACTG	-0.6778027373242921	-0.5989585808800681	-0.8421722885955569	-1.0326861378584562	-1.6192711361934649	-2.2641244817820674	1.1034731601673853
TACGTAGGTGGCAAGCGTTGTCCGGATTTATTGGGCGTAAAGCGAGTGCAGGCGGCTCGATAAGTCTGATGTGAAAGCCTTCGGCTCAACCGGAGAATTG	0.690487441153472	-2.3326564721154197	-0.5487095352996576	-0.3009562727842985	0.7404331869194998	0.657417313352477	-0.259586032728504
TACGTAGGGTGCGAGCGTTAATCGGAATTACTGGGCGTAAAGCGAGCGCAGACGGTTACTTAAGCAGGATGTGAAATCCCCGGGCTTAACCTGGGAACTG	0.624277901382392	-0.7550711325692161	0.07675311595308809	-0.12008645505053384	-0.02014068451423512	-0.6678895641413813	0.4257171784836542
TACGTAGGGGGCGAGCGTTGTCCGGAATTATTGGGCGTAAAGCGCGCGCAGGCGGTCCCTTAAGTCTGATGTGAAAGCCCACGGCTCAACCGTGGAGGGT	2.2800744217943603	-1.559918969063662	-0.28085615605008574	1.2041454675759615	-1.8483382233669268	-0.7968629289713984	-0.17819600949699765
TACGTATGTCACGAGCGTTATCCGGATTTATTGGGCGTAAAGCGCGTCTAGGTGGTTATATAAGTCTGATGTGAAAATGCAGGGCTCAACTCTGTATTGC	-0.25712745961433114	-0.2804819039391502	1.4223836424957517	-1.3192335602675138	0.49268960270385875	-0.6030820299235469	0.021373037000347317
TACGTAGGTGGCAAGCGTTGTCCGGATTTATTGGGCGTAAAGCGAGTGCAGGCGGTTCAATAAGTCTGATGTGAAAGCCTTCGGCTCAACCGGAGAATTG	1.0994230550836974	0.5039522953940407	1.001719525755525	0.029495156105929787	-0.12832865801353321	1.015071035519492	1.0123038624722254
TACGTAGGTGGCAAGCGTTGTCCGGATTTATTGGGCGTAAAGGGAACGCAGGCGGTCTTTTAAGTCTGATGTGAAAGCCTTCGGCTTAACCGGAGTAGTG	0.7505184463348442	-1.3355601719902976	0.8041992995153668	-1.5964216229353605	-0.8284535178234087	1.0223845254334325	-2.5090774858992795
TACAGAGGGTGCGAGCGTTAATCGGATTTACTGGGCGTAAAGCGTGCGTAGGCGGCTTATTAAGTCGGATGTGAAATCCCCGAGCTTAACTTGGGAATTG	-0.5613146382260865	-1.3074677876519187	-1.5799960133422601	0.7065605173970999	-0.2433053621341692	-0.8971124578562861	-0.6685000027220953
TACGTAGGTGGCAAGCGTTATCCGGATTTATTGGGCGTAAAGCGAGCGCAGGCGGTTTTTTAAGTCTGATGTGAAAGCCCTCGGCTTAACCGAGGAAGCG	0.45295462432617484	-0.7565689972924217	0.5752884659181836	-0.226119601431912	0.35154529723625316	0.4007402967366094	-1.1169480646651495
TACGGAAGGTCCGGGCGTTATCCGGATTTATTGGGTTTAAAGGGAGCGTAGGCCGGAGATTAAGTGTGTTGTGAAATGTAGACGCTCAACGTCTGACTTG	0.07885557833427725	-0.2945263079689955	-1.34529485672605	1.2977985504235567	-0.4708548554470049	0.45727777589882557	0.0018508469063531763
TACGTAGGGTGCAAGCGTTGTCCGGATTTATTGGGCGTAAAGGGCTCGTAGGCGGTTTGTTGCGTCTGGTGTGAAAGCTTACTGCTTAACGGTAGGTTGC	0.31092065993065177	1.9524467297507306	-0.5689167019714114	0.87249276667493	1.0891768864105238	1.403043837443244	0.18883896221702212
TACAGAGGGTGCAAGCGTTAATCGGAATTACTGGGCGTAAAGCGAGCGTAGGTGGTTTATTAAGTCAGATGTGAAATCCCTGGGCTTAACCTAGGAACTG	0.8374116090249473	-1.149901717095278	-1.0351844069350955	-1.0831204888258634	1.230012141794969	-1.1802664686289912	-0.6176404322188604
TACGTATGTCGCGAGCGTTATCCGGAATTATTGGGCATAAAGGGCATCTAGGCGGATATACAAGTCAGGGGTGAAAACTTAGGGCTCAACTCAAAGCTTG	-0.12942778643851938	0.07668283662328967	0.35157365232813387	0.38988018661397117	-1.0207724341442095	0.2820934366139287	-0.002254542211841404
TACAGAGGGTGCAAGCGTTAATCGGAATTACTGGGCGTAAAGCGCGCGTAGGTGGTTTGTTAAGTTGGATGTGAAAGCCCCGGGCTCAACCTGGGAACTG	-0.8929637032437867	0.9728740685297028	1.5739512208114865	0.5955747726525606	-0.4851811894466387	0.6550968449267263	-0.5750916565459478
TACGTAGGGCGCAAGCGTTATCCGGAATTATTGGGCGTAAAGAGCTTGTAGGCGGTTCGTCGCGTCTGGTGTGAAAGCCCATCGCTTAACGGTGGGTCTG	0.6101036262821609	0.08272346934805075	-1.7168303963531244	0.38552344470875877	1.933472298712541	-0.4803884912577754	-0.21423166642601377
TACGTAGGGTGCGAGCGTTGTCCGGAATTACTGGGCGTAAAGAGCTCGTAGGTGGTCTGTCGCGTCATTTGTGAAAGCCCGGTGCTTAACTCCGGGTTGG	-2.162322695820386	-1.5132254056023573	0.8349865253280404	0.5496283534135165	-1.124464369683455	-0.8881358791438227	0.5206692551571619
TACGTAGGATCCGAGCGTTATCCGGAGTGACTGGGCGTAAAGAGTTGCGTAGGTGGTTTAATAAGCGAATAGTGAAATCTGGTGGCTCAACCATTCAGAC	-1.2213680106092042	0.09693148812780628	-1.6454199787963626	0.35571408897297996	0.005175494284440418	-2.061123221024621	-0.8735977972548712
TACGGGGGGTGCGAGCGTTAATCGGAATAACTGGGCGTAAAGGGCACGCAGGCGGTGACTTAAGTGAGATGTGAAAGCCCCGAGCTTAACTTGGGAATTG	0.6952339080285483	0.0383665271712319	-0.09805729359280946	0.22488013535397666	0.10012670669059887	0.20818027962769214	0.6896890138584864
TACGAAGGGGGCTAGCGTTGCTCGGAATTACTGGGCGTAAAGGGAGCGTAGGCGGACTGTTTAGTCAGAGGTGAAAGCCCAGGGCTCAACCTTGGAATTG	-0.28344910916572275	-0.09157028713693371	-0.8402207133163211	0.3167185547913851	0.39831280025940075	0.2626293610485906	-0.4870294893782843
TACGTAGGGTGCGAGCGTTAATCGGAATTACTGGGCGTAAAGCGTGCGCAGGCGGCTTTGCAAGACAGAGGTGAAATCCCCGGGCTCAACCTGGGAACTG	0.42814571085686026	0.22757449826727072	0.8229492443810704	-0.18425693482500893	-0.3149478205730425	-0.9152995039073115	0.8263267983991396
TACGTAGGTGGCAAGCGTTATCCGGAATTATTGGGCGTAAAGAGGGAGCAGGCGGCAGCAAGGGTCTGTGGTGAAAGCCTGAAGCTTAACTTCAGTAAGC	0.9537319433998519	0.7896923803401963	-0.00020363300931425243	-1.0156401631270109	-0.5113973387767778	0.05781492699707691	0.8540088084835302
TACGTATGTCCCGAGCGTTATCCGGATTTATTGGGCGTAAAGCGAGCGCAGACGGTTGGTTAAGTCTGATGTGAAAGCCCGGAGCTCAACTCCGGAAAGG	0.6408162829589301	-0.8089544467019065	0.26687291890490084	0.4453414145078005	-1.8296695717861162	0.1808286618145818	-0.3565483654540289
TACGTAGGTGGCAAGCGTTGTCCGGAATTATTGGGCGTAAAGCGCGCGCAGGCGGCCTATTCAGTCTGTCTTAAAAGTTCGGGGCTCAACCCCGTGATGG	-0.11822837170844736	-0.6613192252205833	-0.19569977491986723	0.7227265934612097	0.3277719548652662	-0.4381136585322505	-0.37491422543938047
TACGTAGGGGGCAAGCGTTATCCGGATTCATTGGGCGTAAAGCGCGCGTAGGCGGTCTGTTAGGTCAGGAGTTAAATCTGGGGGCTCAACCCCTATCCGC	-0.2321401792455262	-0.08586802998056253	-0.04556968182218046	0.5358461204137148	-0.3220565089275347	-0.31565996895705517	-0.900836762289356
TACGGAGGGTGCAAGCGTTAATCGGAATTACTGGGCGTAAAGCGCACGCAGGCGGTCTGTTAAGTCAGATGTGAAATCCCCGGGCTCAACCTGGGAACTG	-2.222010787098461	-0.5740707806633933	0.9666937503229383	-2.4374596115980802	0.31383984598617687	-2.066315500840295	-0.6899489725630987
TACGTATGTCGCGAGCGTTATCCGGAATTATTGGGCATAAAGGGCATCTAGGCGGTTATGCAAGTCAGGGGTGAAAACTTACGGCTCAACCGTGAGCTTG	-0.6409288006711549	-1.3235619954155906	-0.9726784464706171	-0.6661020752821623	0.5861007316718592	-0.1363352228251582	0.3277068768936884
TACGGAGGATGCGAGCGTTATCCGGATTTATTGGGTTTAAAGGGTGCGTAGGCGGTCCGTTAAGTCAGCGGTAAAATTGCGGGGCTCAACCCCGTCGAGC	-1.093666847317273	-1.8338328293847068	0.37983096271860717	-0.4778491494093595	-0.9716090926219927	-0.45323952923690136	-0.13697236428673154
TACGTAGGGCGCAAGCGTTATCCGGAATTATTGGGCGTAAAGAGCTTGTAGGCGGTTCGTCGCGTCTGGTGTGAAAGCCCATCGCTTAACGGTGGGTTTG	0.9636137974571639	0.3168251820517556	-1.1620836493362185	-2.5127288338576017	-0.9945106276561724	-0.45008823166762646	-0.7148532236617315
TACGTATGTCGCAAGCGTTATCCGGAATTATTGGGCTTAAAGGGCATCTAGGCGGTTTTTCAAGTCAGGGGTGAAAACTTATGGCTCAACTATAAGCTTG	-1.0417278366971559	-0.6457136563347801	1.407984829248071	-0.8611924883757291	1.4451192847202314	0.9833943854721898	0.9718356465298426
TACGTAGGGTGCAAGCGTTATCCGGAATTATTGGGCGTAAAGGGCTCGTAGGCGGTTCGTCGCGTCCGGTGTGAAAGTCCATCGCTTAACGGTGGATCTG	-1.291928942768628	1.0798611201954857	-0.7202147480834711	-1.8384565350447355	0.5234591892669691	-1.1570980239955073	-1.1636747683089483
TACGTAGGTGGCAAGCGTTGTCCGGATTTACTGGGTGTAAAGGGCGTGTAGCCGGGCTGACAAGTCAGATGTGAAATCCGGGGGCTCAACCCCCGAACTG	-0.7630502539563722	-1.239838688759706	-1.3532833096374262	0.6576179589297118	-1.943480826287459	-1.2329750944224482	-0.0921818579238165
TACGTAGGGCGCAAGCGTTATCCGGATTTATTGGGCGTAAAGGGCTCGTAGGCGGCTCGTCGCGTCCGGTGTGAAAGTCCATCGCTTAACGGTGGATCTG	0.7501262040000611	-1.1424847535180067	1.0308865222345593	-0.6263026234541593	-1.299642182259749	-0.4385251689997798	1.713840070863415
TACAGAGGGTGCAAGCGTTAATCGGAATTACTGGGCGTAAAGCGCGCGTAGGTGGTTTGTTAAGTCGGATGTGAAATCCCAGGGCTCAACCTTGGAATGG	-1.1623862343717164	-2.040465681939028	-0.4970406529296625	-0.0822357770834623	1.004728072018434	1.1336304258259648	-0.45547240624840146
TACGTATGTTGCGAGCGTTATCCGGAATTATTGGGCTTAAAGGGCATCTAGGCGGTAAGACAAGTTGAAGGTGAAAACCTGTGGCTCAACCATAGGCTTG	-0.10610830363517465	2.3680898257208844	0.011761105359674673	-0.1635951635275541	0.7837154349992765	0.5444177698048467	1.6249507700402033
TACGGAGGATGCGAGCGTTATCCGGATTTATTGGGTTTAAAGGGTGCGTAGGCGGACTGTCAAGTCAGCGGTAAAATTGAGAGGCTCAACCTCTTCCCGC	0.1731276554178649	-0.3458836964653953	2.1388064387451418	-2.4766773220930753	-0.030709780125807384	-0.169881789788354	-0.7320219839614142
TACGTAGGTGGCGAGCGTTATCCGGAATGATTGGGCGTAAAGGGTGCGCAGGCGGTCCTGCAAGTCTGGAGTGAAACGCATGAGCTCAACTCATGCATGG	-1.2724785166669434	-1.2094872883843406	0.5778049144159558	-0.016466641131466453	-0.2593643435527788	1.2042236040982122	-0.6286019648116339
TACGTAGGGGGCAAGCGTTATCCGGATTTACTGGGTGTAAAGGGAGCGTAGGTGGCAGGGCAAGTCAGATGTGAAAACCCGGGGCTCAACTCCGGGATTG	-1.7257887679029054	1.7764470883322732	-0.5749196049560297	0.8900347861613573	-1.2706038722087847	-0.049605219468224604	0.8687881675857794
TACGTAGGGGGCAAGCGTTATCCGGATTTACTGGGTGTAAAGGGAGCGTAGACGGTGAAGCAAGTCTGAAGTGAAAGGCGGGGGCTCAACCCCCGGACTG	-1.1088746148038453	0.2543547459555642	-0.49682655304563017	-0.6810271975432096	1.280590914816667	0.31104034294213	1.0217224841315042
TACGTAGGGGGCAAGCGTTATCCGGATTTACTGGGTGTAAAGGGAGCGTAGACGGCGATGCAAGTCTGAAGTGAAAGGCGGGGGCCCAACCCCCGGACTG	0.7954821703147346	0.011550397486783659	0.007687902749658804	-1.454349422160214	-3.359550572304915	0.5669035475405568	0.3013432656723749
TACGGAGGGTGCGAGCGTTAATCGGAATAACTGGGCGTAAAGGGCACGCAGGCGGTTATTTAAGTGAGATGTGAAAGCCCCGGGCTTAACCTGGGAATTG	0.5976683390449935	0.6979561158133523	-0.4103543993819949	-0.23329313963991982	-0.4547739991237627	0.5013290654572362	1.509130242963482
TACGGAGGATGCGAGCGTTATCCGGATTTATTGGGTTTAAAGGGTGCGTAGGCGGCCTGCCAAGTCAGCGGTAAAATTGCGGGGCTCAACCCCGTACAGC	-0.36533063229804696	0.28783789357671896	0.748197174371362	0.9147302719916643	0.8222683599899305	-0.007082014187920649	-0.582476075987171
TACGTATGGGGCAAGCGTTATCCGGATTTACTGGGTGTAAAGGGAGCGTAGGCGGTACGGCAAGTCAGAAGTGAAAGCCTGGGGCTCAACCCCGGAATTG	0.6259320792865211	-1.219399063973329	-0.1475603219856021	-1.0232056614790617	1.4046839109371199	-0.0779902030078059	0.012478772302318752
TACGTAGGGGGCAAGCGTTATCCGGATTTACTGGGTGTAAAGGGAGCGTAGACGGCCAGACAAGTCTGAAGTGAAAATCCAGCGCTTAACGTTGGAAGTG	0.2325647515367919	-0.7018688611077293	1.1172474387298834	-0.5804035899077116	-0.24213979330558644	0.6079694341572637	1.4375407134491693
TACGTAGGGTGCAAGCGTTATCCGGATTTATTGGGCGTAAAGGGCTCGTAGGCGGTTCGTCGCGTCCGGTGTGAAAGTCCATCGCTTAACGGTGGATCCG	-1.305819209187085	0.3257503815604226	-1.9190703865875003	-0.0007271406088529275	0.6141832141886248	0.14946290959442798	-0.7483196819823492
TACGTAAGGACCGAGCGTTGTCCGGAATCATTGGGCGTAAAGGGTACGTAGGCGGGTCATTAAGTTAGAAGTTAAAGGCTATAGCTCAACTATAGTAAGC	-0.4787314492154664	0.31504461249838034	-0.7786531683791873	-0.38692786664111	-1.4639640816738115	0.14202860106552784	0.0601701175171625
TACGTAGGGGGCAAGCGTTATCCGGATTTACTGGGTGTAAAGGGAGCGTAGACGGCAGCGCAAGTCTGGAGTGAAATCCCATGGCTTAACCATGGAACTG	-0.7783772307324952	-0.21395704069604715	0.8240488755713704	-1.1724313733015714	-0.3443001278926836	-0.4096392084208613	-0.045676525930713474
TACGGAGGATGCGAGCGTTATCCGGATTTATTGGGTTTAAAGGGTGCGTAGGCGGCGAGTTAAGTCAGCGGTAAAAGCCCGGGGCTCAACCCCGGCCCGC	1.1543186348986083	1.5309651800108925	-0.28572704762113066	-1.8674575325880705	-1.0562917956401812	0.39117136706436817	0.2665661012131464
TACGTAGGTGGCGAGCGTTATCCGGAATGATTGGGCGTAAAGGGTGCGCAGGCGGCCGGGCAAGTCCGCAGTAAAAACTGGAGGCTCAACCTTCAGGGGC	-0.7788125830579347	0.23673769912252585	0.511825627387644	-0.02032610148531777	0.6744793920526995	1.197356821194541	1.071895677347828
TACGGAGGGTGCGAGCGTTACCCGGATTTACTGGGCGTAAAGGGCGTGTAGGCGGTTTTCTAAGTCCGGGGCTAAAGACCAGGGCTCAACCCTGGGTTTG	0.04083353701347647	-0.4225940398262962	1.7321082714210752	1.010777449902469	1.2051486006687178	0.1006449173840398	0.7631669079262506
TACGGAAGGTCCAGGCGTTATCCGGATTTATTGGGTTTAAAGGGAGCGTAGGCCGTTTGATAAGCGTGCTGTGAAATTTAGAGGCTCAACCTCTACCGTG	-0.7229885416913575	1.1818100222064034	0.6829443413029912	-0.21011253565890176	-0.38577435102958546	-0.811378805741418	-0.4226935471099127
TACGTAGGTGGCAAGCGTTGTCCGGATTTATTGGGCGTAAAGCGAGTGCAGGCGGTGATTTAAGTCTGATGTGAAAGCCCCCAGCTCAACTGGGGAGGGT	1.379770104319995	-0.7482963494347556	-2.027684354483008	-1.5358940598402677	0.22792994293670787	-0.6428367782679683	0.24544519533698672
TACGTAGGGTGCGAGCGTTGTCCGGAATTACTGGGCGTAAAGAGCTCGTAGGTGGTTTGTCGCGTCGTCTGTGAAATTCTGGGGCTTAACTCCGGGCGTG	0.2597753149580413	-1.7834080151604637	-0.30515005558621855	-1.3583051201735197	0.1375416449020399	-0.1468622971621638	0.46207136263435
TACGTAGGGTGCGAGCGTTAATCGGAATTATTGGGCGTAAAGCGAGTGTAGACGGTTATTTAAGCCAGATGTGAAATACCCGAGCCTAACTTGGGAAGTG	-0.8402339774060792	0.5377801366759316	0.8542974802862409	-0.5357990500364957	0.4896568438718809	0.26241996993149463	-0.6609017218154181
TACGGAGGATGCGAGCGTTATCCGGATTTATTGGGTTTAAAGGGTGCGTAGGCGGGATGCCAAGTCAGCGGTAAAAAAGCGGTGCTCAACGCCGTCGAGC	0.9921843600582534	-0.11708334007730326	0.07278094321596651	2.0164246323670683	0.6905788487504019	-0.9545173336115962	-0.5442679489653814
TACGGAGGATTCAAGCGTTATCCGGATTTATTGGGTTTAAAGGGTGCGTAGGCGGTCGGATAAGTTAGAGGTGAAATCCCGAGGCTCAACTTCGGAATTG	-0.6951994257855958	0.5976457007838265	-0.9304994580138919	-1.3912657734785734	0.3439368537376417	-0.13554355393325146	1.4648833905655634
TACGTAGGTGCCAAGCGTTGTCCGGATTTATTGGGCGTAAAGGGAGCGCAGGCGGTCTGTTTAGTCTAATGTGAAAGCCCACGGCTTAACCGTGGAACGG	-1.8528928118634767	-1.4714899949120497	-0.34678568810117216	0.813284932371551	-0.4331588515331255	0.7406874533447141	-0.2164130772155035
TACGTAGGTGGCAAGCGTTGTCCGGATTTATTGGGCGTAAAGAGAGCGCAGGCGGAAGAATAAGTCTGATGTGAAAGCCCTCGGCTTAACCGAGGAACTG	0.10121238651985465	1.2270510204745317	-1.2608040806640384	0.38906613617795127	0.10596718701820507	-0.6771145750132685	0.3910515939194452
