featureid	Intercept	"C(birth_mode_ms, Treatment(""Vag""))[T.CS]"	"C(birth_mode_ms, Treatment(""Vag""))[T.CSseed]"	country[T.Chile]	country[T.PuertoRico]	country[T.Spain]	country[T.USA]	baby_sex[T.M]
TACGGAGGATCCGAGCGTTATCCGGATTTATTGGGTTTAAAGGGAGCGTAGATGGATGTTTAAGTCAGTTGTGAAAGTTTGCGGCTCAACCGTAAAATTG	2.651974195220435	1.2808589216035138	1.1548418316703586	1.2591486845608753	0.995228411155181	1.7820396161853127	2.8403618082475774	1.0127105538625836
TACGTAGGGTGCAAGCGTTATCCGGAATTATTGGGCGTAAAGGGCTCGTAGGCGGTTCGTCGCGTCCGGTGTGAAAGTCCATCGCTTAACGGTGGATCCG	0.840642207839454	0.46025996168072325	0.4708636317115573	2.793640104353051	-0.6683723912663888	1.9744759834586434	1.4767439112138865	1.4569927577753186
TACGTAGGGTGCAAGCGTTATCCGGAATTATTGGGCGTAAAGGGCTCGTAGGCGGTTCGTCGCGTCCGGTGTGAAAGCCCATCGCTTAACGGTGGGTCTG	-0.5612175524449698	1.0175082560342084	-0.8825238433021756	0.24170157057009156	-1.5046480880208444	-0.5480344556988426	0.2511489138078806	1.1348931540627598
TACGGAGGGTGCAAGCGTTAATCGGAATTACTGGGCGTAAAGCGCACGCAGGCGGTTTGTTAAGTCAGATGTGAAATCCCCGGGCTCAACCTGGGAACTG	-1.131347185394799	0.9126550730031262	0.46159350012357514	0.8260287616845172	0.8913931785993148	1.6012246943293862	0.11963150352956031	-0.06497408702181584
TACGGAGGATCCGAGCGTTATCCGGATTTATTGGGTTTAAAGGGAGCGTAGGTGGATTGTTAAGTCAGTTGTGAAAGTTTGCGGCTCAACCGTAAAATTG	-1.6633753836369864	0.9117166872781048	0.4018479499679355	-0.4630395497683484	0.43258255858941563	-0.5507455133618064	-0.10563304572581078	-0.5681685383539081
TACGGAGGATCCGAGCGTTATCCGGATTTATTGGGTTTAAAGGGAGCGTAGGCGGACGCTTAAGTCAGTTGTGAAAGTTTGCGGCTCAACCGTAAAATTG	-0.1391236841893546	0.9575086410802136	-0.5794950213569852	0.07136890035829957	-0.03564345697836391	-1.4574907087506004	0.4152972444963572	0.6081823234338879
TACGTAGGTGGCAAGCGTTGTCCGGATTTACTGGGCGTAAAGGGAGCGTAGGCGGATTTTTAAGTGGGATGTGAAATACCCGGGCTCAACCTGGGTGCTG	-0.7696676314092032	-1.1987884763914813	-0.3066271033424588	0.9631283257599872	0.055298627810912215	-0.8411376737774559	-1.0091600671338918	-1.1205930884103656
TACGTAGGTGGCAAGCGTTGTCCGGAATTATTGGGCGTAAAGCGCGCGCAGGCGGATCAGTCAGTCTGTCTTAAAAGTTCGGGGCTTAACCCCGTGATGG	0.4440674721979745	0.15000717599804503	-0.6908299412864896	1.1121918682452243	0.16290879388375767	0.7836011386691384	1.5975180611086008	-0.12817515685366399
TACGTAGGTGGCAAGCGTTGTCCGGAATTATTGGGCGTAAAGCGCGCGCAGGCGGATAGGTCAGTCTGTCTTAAAAGTTCGGGGCTTAACCCCGTGATGG	0.10287546513315515	0.10915129144604307	-0.29770738746111114	1.1345081303711932	-0.8007481084294747	1.5528083778201394	-0.35008671432017113	0.8123083834428906
TACGTAGGGGGCTAGCGTTGTCCGGAATCACTGGGCGTAAAGGGTTCGCAGGCGGAAATGCAAGTCAGGTGTAAAAGGCAGTAGCTTAACTACTGTAAGC	-0.3285763323521964	-0.4433722023207416	0.31489621733243744	-0.44181660074033324	0.5778099610380698	-1.5227501653851219	1.1390110001039622	-0.7882601196985126
TACGTATGGAGCGAGCGTTGTCCGGAATTATTGGGCGTAAAGGGTACGCAGGCGGTTTAATAAGTCGAATGTTAAAGATCGGGGCTCAACCCCGTAAAGC	-0.7006282866216056	1.2473521258395444	0.8941521260600833	0.44068464380464967	0.05160349746270665	0.08141968019593282	0.29393884987355445	0.7682843928117871
TACGGAGGGTGCAAGCGTTAATCGGAATTACTGGGCGTAAAGCGCACGCAGGCGGTCTGTCAAGTCGGATGTGAAATCCCCGGGCTCAACCTGGGAACTG	1.705505305507148	1.1085504766267071	3.7507981572013644	-0.46706334012784545	1.164644168215232	-0.5199585222424217	-0.8888728871869924	0.7638444130201458
TACGTAAGGTCCGAGCGTTGTCCGGAATCATTGGGCGTAAAGGGTACGTAGGCGGGTAAGCAAGTTAGAAGTGAAATCCTATAGCTCAACTATAGTAAGC	-1.1426322519994132	0.20321934183056456	0.9769561800819186	0.6136123214360278	0.32987463613076695	-0.675793912333364	-1.281976009898174	-0.2441513712625385
TACGTAGGTCCCGAGCGTTGTCCGGATTTATTGGGCGTAAAGCGAGCGCAGGCGGTTTGATAAGTCTGAAGTTAAAGGCTGTGGCTCAACCATAGTTCGC	4.08103417752024	1.5112047966283093	2.1601230416160373	1.9140986476536792	0.03058076043649205	1.7278313487051777	2.6285279586982844	2.2177947585363507
TACGTAGGTCCCGAGCGTTATCCGGATTTATTGGGCGTAAAGCGAGCGCAGGCGGTTAGATAAGTCTGAAGTTAAAGGCTGTGGCTTAACCATAGTACGC	3.254930549838508	2.129147398070647	1.4712427470546512	1.9936005745526355	-0.15947186808065883	1.3222865796862893	2.7205646231842158	2.241273743369114
TACGTAGGGCGCGAGCGTTGTCCGGAATTATTGGGCGTAAAGGGCTTGTAGGTGGCTGGTTGCGTCTGTCGTGAAAGCTCATGGCTTAACTGTGGGTTTG	-0.1144175589299552	-1.4571078542906504	-0.6161443677086087	-0.6355759229067761	0.26480555673165806	0.38594434030640645	-1.773505951457012	-0.5456848318796039
TACGTAGGGTGCGAGCGTTGTCCGGAATTACTGGGCGTAAAGAGCTCGTAGGCGGTTTGTCACGTCGTCTGTGAAATCCTAGGGCTTAACCCTGGACGTG	-0.6068875849461906	0.632001804904295	1.2002617854338435	-0.06585148233213012	0.3439457430414725	-0.5394244455517478	0.38976642937184547	0.8617926512737393
TACGTAGGTCCCGAGCGTTGTCCGGATTTATTGGGCGTAAAGCGAGCGCAGGCGGTTAGATAAGTCTGAAGTTAAAGGCTGTGGCTTAACCATAGTACGC	4.964593166091407	1.6502944107812176	1.4919736001354007	2.4872600708600086	1.7669588341288138	3.6740199065982155	3.5509093746614573	2.3945580546636696
TACGTAGGGTGCGAGCGTTGTCCGGAATTACTGGGCGTAAAGGGCTCGTAGGTGGTTTGTCGCGTCGTCTGTGAAATTCCGGGGCTTAACTCCGGGCGTG	-0.07248926760915442	0.7173412915032635	0.9353807631593494	1.5822575066681903	0.44867450137658604	0.6876667476474099	1.397772763676655	0.7702716861744046
TACGTAAGGGGCGAGCGTTGTCCGGAATTATTGGGCGTAAAGAGTGCGTAGGCGGCAAATTAAGTCAGATGTGAAAACTAAGGGCTCAACCCATAGATTG	-0.18867302539113684	0.16531877477581602	-1.6941781726021024	-1.3510192956332165	1.0871249302200843	0.4280523992358498	-0.8344843640851858	-0.2507859642724872
TACGTAGGTGGCAAGCGTTGTCCGGAATTATTGGGCGTAAAGCGCGCGCAGGCGGCTTCCTAAGTCCATCTTAAAAGTGCGGGGCTTAACCCCGTGATGG	0.009622329452002809	-1.789901328488039	-0.5435454335350247	-0.9207958306673962	0.7070163204245139	-0.7610099577130027	0.02460405678273414	-1.920591133378017
TACGTATGGAGCGAGCGTTGTCCGGAATTATTGGGCGTAAAGGGTGCGCAGGCGGCTTTACAAGTTGGATGTGAAATATTGTGGCTCAACCACAAACGTG	-1.3032755911565177	-0.9048264745909442	-0.10114307071153839	-1.0702888097170788	0.368284048037963	-0.18203046552550273	-1.598098064951885	-0.3318729574899555
TACGTATGTCACAAGCGTTATCCGGATTTATTGGGCGTAAAGCGCGTCTAGGTGGTTATGTAAGTCTGATGTGAAAATGCAGGGCTCAACTCTGTATTGC	-1.531578069946801	0.3590376253884564	1.518689951644495	1.1245391194220584	0.979263074221449	1.5316925979434304	0.5890335783434031	1.117930275656712
TACGTAAGGTCCGAGCGTTGTCCGGAATCATTGGGCGTAAAGGGTACGTAGGCGGATAAGCAAGTTAGAAGTTAAATCCTATAGCTCAACTATAGCAAGC	-1.3767137587285392	-0.5570806984144916	-0.1583351578850003	0.3112455282803577	0.41435796161218175	-0.41654589406859355	0.034918282933246836	-0.670917289994228
TACGTAGGGCGCGAGCGTTGTCCGGAATTATTGGGCGTAAAGAGCTTGTAGGCGGTTTGTCGCGTCTGCTGTGAAAGGCCGGGGCTTAACCCCGTGTATT	3.382708603122199	1.5873866554063092	0.051957658277109076	1.739469674646477	-0.7350254044957589	2.499275837021952	2.0482579812479136	0.6521682564993023
TACGTAGGGTGCGAGCGTTGTCCGGAATTATTGGGCGTAAAGGGCTTGTAGGCGGTTTGTCGCGTCTGCCGTGAAATCCTCTGGCTTAACTGGGGGCGTG	2.3592830240511544	-0.15662820379321474	1.7141994151931552	-0.1592260922793347	-0.07919871668295375	0.572497103291636	-0.2955189004468801	0.12454448387814754
TACGTAGGTGGCAAGCGTTATCCGGATTTATTGGGCGTAAAGAGAGTGCAGGCGGTTTTCTAAGTCTGATGTGAAAGCCTTCGGCTTAACCGGAGAAGTG	0.05268287060495691	0.404763686255766	-0.931205102457449	-0.062120350778480216	-0.45985197882132045	-1.2810774110974021	0.0341191038560984	-0.22289242102907902
TACGTAGGGTGCGAGCGTTGTCCGGAATTACTGGGCGTAAAGAGCTCGTAGGTGGTTTGTCGCGTCGTTTGTGTAAGCCCGCAGCTTAACTGCGGGACTG	-0.33793688418630285	1.325528095261408	-0.3693515744346829	0.8653302167054218	-1.2656277404256295	-1.055878426951284	-0.24033763556956078	0.45370392248822444
TACGTAGGGTGCGAGCGTTAATCGGAATTATTGGGCGTAAAGCGAGTGTAGACGGTTATTTAAGCCAGATGTGAAATACCCGAGCCTAACTTGGGAGGTG	-0.11582661273244543	0.531989860133482	0.633756211743906	-1.0307582940463025	-1.753912328285737	-0.8079378866375633	-0.028399254374492422	0.22489903614712947
TACGTATGGACCGAGCGTTGTCCGGAATCATTGGGCGTAAAGGGTACGTAGGCGGCCTAGTAAGTTAGAAGTGAAATAATATAGCTCAACTATATAAAGC	-0.6870994627690665	-0.25567777196948427	-0.715364882006094	0.8074562821980518	-0.09404170374350063	-0.2579684518994041	-1.5357802167463186	-0.47292913749026066
TACGTAGGTGGCAAGCGTTATCCGGAATTATTGGGCGTAAAGCGCGCGTAGGCGGTTTTTTAAGTCTGATGTGAAAGCCCACGGCTCAACCGTGGAGGGT	3.0173579096579197	1.498693558172537	1.2484159607153682	1.9530127320881885	1.2147943391375113	1.141863260346537	2.743187901384842	1.499979597785008
TACGTAGGTGGCAAGCGTTGTCCGGAATTATTGGGCGTAAAGCGCGCGCAGGTGGTTTAATAAGTCTGATGTGAAAGCCCACGGCTCAACCGTGGAGGGT	2.6740530185186513	1.5107281084817181	1.0020306918483524	2.3261490736599963	1.0751506104044486	2.8706496692477517	3.3934916600656626	2.2502012078542823
TACAGAGGGTGCAAGCGTTAATCGGAATTACTGGGCGTAAAGCGCGCGTAGGTGGTTTGTTAAGTTGGATGTGAAATCCCCGGGCTCAACCTGGGAACTG	-0.6627676546788566	0.1855779166978131	-0.5435481753486844	-1.3249126996401746	-1.220174191994233	0.2841868139087014	1.0629155382585642	0.5804617230672955
TACGTAAGGACCGAGCGTTGTCCGGAATCATTGGGCGTAAAGGGTACGTAGGCGGCTAGAAAAGTTAGAAGTCAAAGGCTATAGCTCAACTATAGTAAGC	-1.5144128859258048	1.7577862914365063	0.5219398650985507	0.4328977738019031	-0.5245527015157174	-0.08314326040160136	0.23281333298207496	0.9852269695032954
TACGTAGGTGGCAAGCGTTGTCCGGAATTATTGGGCGTAAAGCGCGCGCAGGCGGCCTATCCAGTCTGTCTTAAAAGTTCGGGGCTCAACCCCGTGATGG	3.122476392962897	1.0609101529877911	1.6573249015670566	2.390570250570397	-1.520049212975068	1.6612766719638161	2.082112167782795	1.9914439146299476
TACGTAAGGACCGAGCGTTGTCCGGAATCATTGGGCGTAAAGGGTACGTAGGCGGGTCATTAAGTTAGAAGTCAAAGGCTATAGCTCAACTATAGTAAGC	-0.9268336355901114	0.14960293729717833	-0.7716009106773587	-0.21524516004361693	0.84762641926332	-0.7787258886517234	0.17784426064015602	0.23728577540112727
TACGGAGGGTGCGAGCGTTAATCGGAATAACTGGGCGTAAAGGGCACGCAGGCGGTGACTTAAGTGAGGTGTGAAAGCCCCGGGCTTAACCTGGGAATTG	1.7538824021601327	1.1228076841395627	2.78358846043165	3.0943603191968005	-2.119357942146821	2.8286580777941994	1.4747408375215647	1.6299519364614605
TACAGAGGGTGCGAGCGTTAATCGGAATTACTGGGCGTAAAGCGAGTGTAGGTGGCTCATTAAGTCACATGTGAAATCCCCGGGCTTAACCTGGGAACTG	-0.1854937136388175	-0.045185161038086896	-0.5544850316185208	0.12026175600252564	0.5412710322908927	0.4861693120776467	-0.01307156234263207	-0.538748043320644
TACGTAGGTGGCAAGCGTTGTCCGGAATTATTGGGCGTAAAGCGCGCGCAGGCGGATTGGTCAGTCTGTCTTAAAAGTTCGGGGCTTAACCCCGTGATGG	3.310228043773139	1.5517226930421124	1.077770984516695	2.4950371657010124	-0.4658967242665719	2.2152101732074074	1.507282827801716	2.1129582946081276
TACGTAGGGTGCGAGCGTTGTCCGGAATTACTGGGCGTAAAGAGCTCGTAGGTGGTTTGTCGCGTCGTCTGTGAAATTCCGGGGCTTAACTCCGGGCGTG	0.01607059834238367	-0.17229242364947694	-0.12576646472398956	0.2676820431347888	1.0081396377555896	-0.7577507757366844	-0.47094204574106957	-0.22011389090822941
TACAGAGGGTGCGAGCGTTAATCGGATTTACTGGGCGTAAAGCGTGCGTAGGCGGCTTTTTAAGTCGGATGTGAAATCCCTGAGCTTAACTTAGGAATTG	0.06712650654550867	0.13733820875103575	-0.8206635203499051	1.236675585850696	0.20383381982369908	-0.6385944151104637	-0.16429402976511742	0.5070693318624615
TACGGAGGGTGCAAGCGTTATCCGGATTTATTGGGTTTAAAGGGTCCGTAGGTGGGTTGGTAAGTCAGTGGTGAAATCCTGCAGCTTAACTGTAGAATTG	1.9165576636576303	0.9338956054013501	2.1066126737457065	0.5592430506344837	-0.4899693713612985	-1.0679970049084373	0.8425926908922312	0.3580580775518536
TACAGAGGGTGCAAGCGTTAATCGGATTTACTGGGCGTAAAGCGCGCGTAGGTGGCCAATTAAGTCAAATGTGAAATCCCCGAGCTTAACTTGGGAATTG	-0.3064663470006339	1.100106167392088	-0.2874564614433499	-1.3737429704073865	0.5629058196119834	-0.1532335542858787	-0.4410410180616262	-0.20599164321230745
TACAGAGGGTGCAAGCGTTAATCGGAATTACTGGGCGTAAAGCGCGCGTAGGTGGTTTGTTAAGTTGAATGTGAAATCCCCGGGCTCAACCTGGGAACTG	-0.17723441722158118	-0.07415051500384706	0.5164548072677402	-1.3973547543887097	-1.1934818015523385	-1.811252143305654	-1.2849438443708303	-0.2788665468912006
TACGGAGGGGGCTAGCGTTGTTCGGAATTACTGGGCGTAAAGCGCACGTAGGCGGACCAGAAAGTTGGGGGTGAAATCCCGGGGCTCAACCTCGGAACTG	-1.7110009253239982	0.39785687883312804	-0.06607467795793731	-0.026423605859656973	-0.23920595507101527	0.4527441001712136	-1.4428909078168752	-0.6357474501352192
TACGGAGGGTGCAAGCGTTATCCGGATTTATTGGGTTTAAAGGGTCCGTAGGTGGGCTGATAAGTCAGCGGTGAAATCCTGCAGCTTAACTGTAGAACTG	-0.506969457886254	0.5078389521401654	-1.152300426020071	0.12015732866487916	0.29154020686669835	0.06302747495759053	-0.2330792203473928	0.9051969026107907
TACGTAGGGTGCAAGCGTTAATCGGAATTACTGGGCGTAAAGCGTGCGCAGGCGGTTCGGAAAGAAAGATGTGAAATCCCAGAGCTTAACTTTGGAACTG	-0.9665105402684562	-0.5870145086485614	-0.4528990473884793	0.35035052639208253	0.009287179904418075	0.8593145347415261	-1.3546188130903127	0.27759907887173885
TACAGAGGGTGCGAGCGTTAATCGGATTTACTGGGCGTAAAGCGTGCGTAGGCGGCTTTTTAAGTCGGATGTGAAATCCCCGAGCTTAACTTGGGAATTG	-1.0252537787175529	0.23786573369915587	1.6695428404670505	-0.3371404733065564	2.181979419188933	-0.061908271235341594	0.6464953169298289	0.8036365930814862
TACGTAGGGGGCTAGCGTTGTCCGGAATCACTGGGCGTAAAGGGTTCGCAGGCGGAAATGCAAGTCAGATGTAAAAGGCAGTAGCTTAACTACTGTAAGC	-0.8680334151006095	0.3330213900368939	-0.08803970481340606	-0.4442675437334973	-0.04160976271109096	-1.0163975023449607	0.21504852623463844	0.6864201550264477
TACGGAAGGTCCAGGCGTTATCCGGATTTATTGGGTTTAAAGGGAGTGTAGGCGGTTGGTTAAGCGTGTTGTGAAATGTAGATGCTCAACATCTGACTTG	-2.3659000456548087	0.1504855628770123	0.9348294350963382	0.36111375433168824	0.8036721958689261	-0.0991791748226829	-1.1441569581556204	0.43725613997174495
TACAGAGGGTGCAAGCGTTAATCGGAATTACTGGGCGTAAAGCGCGCGTAGGTGGTTCGTTAAGTTGGATGTGAAATCCCCGGGCTCAACCTGGGAACTG	-1.096003061554467	-0.7526264909941425	-0.7604025092262479	-0.23243883508481566	-0.14930295805410854	-0.6543679498852439	1.431838367886555	-1.4371969874124408
TACGGAGGATGCGAGCGTTATCCGGATTTATTGGGTTTAAAGGGTGCGTAGGCGGCCTGTTAAGTCAGCGGTGAAATCTAGGAGCTTAACTCCTAAATTG	-1.1915001929021232	0.28874318559582335	-0.2909081664222928	1.0608773950930637	0.08261394639535435	0.931219015198832	0.9657004818391917	-0.392762559197414
TACGTAGGGTGCAAGCGTTAATCGGAATTATTGGGCGTAAAGCGAGTGCAGACGGTTACTTAAGCCAGATGTGAAATCCCCAAGCTTAACTTGGGACGTG	-0.16010904910329504	0.40775762756283385	1.7163950714927463	1.0462351713772815	-1.1524640307851266	-0.4167959951580711	0.5024833425951121	1.0582324911732792
TACGTAGGGCGCGAGCGTTGTCCGGAATTATTGGGCGTAAAGAGCTTGTAGGCGGTTGGTCGCGTCTGCTGTGAAAGGCTGGGGCTTAACCCTGGTTTTG	0.5266396939539559	-0.3063497070509662	-0.5726382222313138	-1.3164421643618542	-0.6147683844991159	1.0267671085177712	-0.0887143865156057	0.5176114265699505
TACGTAGGGTGCGAGCGTTGTCCGGAATTACTGGGCGTAAAGAGCTCGTAGGTGGTTTGTCGCGTCGTTTGTGGAATACCGCAGCTTAACTGCGGGGTTG	-0.2730825007176749	-0.8150063280302753	-0.7114250149864407	-2.04810086149015	0.430404306846099	0.2406708932696633	-2.401987816386212	-1.2999582464914203
TACGGGGGGTGCGAGCGTTAATCGGAATAACTGGGCGTAAAGGGCACGCAGGCGGTGACTTAAGTGAGATGTGAAAGCCCCGGGCTTAACCTGGGAATTG	0.2934000432276376	-0.9100144628721942	-1.2018783774513455	0.3748474393483203	-0.22708153585867397	0.7888968921481423	-0.38312485366343285	0.8967673753280758
TACGGAGGGTGCAAGCGTTAATCGGAATTACTGGGCGTAAAGCGCACGCAGGCGGTCTGTTAAGTCAGATGTGAAATCCCCGGGCTTAACCTGGGAACTG	-1.0417416155553214	-1.6237180952269306	0.8969086620670108	-0.45512369531430785	1.94280070205255	-0.6724498533428855	-1.0142417207288625	-0.06047727420138127
TACGTAGGGTGCGAGCGTTATCCGGAATTATTGGGCGTAAAGAGCTCGTAGGCGGTTTGTCGCGTCTGTCGTGAAAGTCCGGGGCTTAACCCCGGATCTG	-0.7364015639043204	-0.475019884510683	-0.18777067328874786	-1.2334074105624158	0.27079409499688634	0.008689138966684773	-0.8472876802015188	-0.3794022972802997
TACGGAGGGGGCTAGCGTTGTTCGGAATTACTGGGCGTAAAGCGCACGTAGGCGGACTGGAAAGTCAGAGGTGAAATCCCAGGGCTCAACCTTGGAACTG	-0.32473016383413	-1.009498668118166	-1.9042618956703397	0.38876285892687257	0.0281167044214774	2.6745733953296	-1.1321456685590627	0.6560433630724072
TACGTAGGGCGCAAGCGTTGTCCGGAATTATTGGGCGTAAAGAGCTCGTAGGCGGTTTGTCGCGTCTGCTGTGAAAGCCCGGGGCTTAACCCCGGGTGTG	-0.5899503290868156	-0.24927539865558046	-0.0864890303749295	-1.7984935368899304	0.23003679652734288	0.41419777639496846	-1.4480564847516897	-0.9983394320230365
TACGTAGGGTGCGAGCGTTAATCGGAATTACTGGGCGTAAAGCGAGCGCAGACGGTTACTTAAGCAGGATGTGAAATCCCCGGGCTCAACCTGGGAACTG	1.3151735007547982	1.6389273579877148	1.0368131909232883	1.3392952580448192	-1.3704158053822946	1.364652488309031	-0.2343900456952932	1.5465680186529278
TACGGAAGGTCCGGGCGTTATCCGGATTTATTGGGTTTAAAGGGAGCGTAGGCTGTCTATTAAGCGTGTTGTGAAATTTACCGGCTCAACCGGTGGCTTG	0.339421504714454	-0.4952121500212421	-0.6692488875526639	-0.19838467496671264	0.08207047124429234	-0.762250211161489	0.6383630976152537	-0.26420368506716496
TACGTAGGGTGCGAGCGTTGTCCGGAATTACTGGGCGTAAAGAGCTCGTAGGTGGTTTGTTGCGTCGTCTGTGAAATTCCGGGGCTTAACTTCGGGGTGG	-1.0242278635716788	-0.6240332845885028	-0.42187173034136016	-0.78434410947599	-0.5236330018468331	0.1283991075335793	-0.29836347251414086	0.4283643190641522
TACAGAGGGTGCGAGCGTTAATCGGATTTACTGGGCGTAAAGCGTGCGTAGGCGGCTTCTTAAGTCGGATGTGAAATCCCTGAGCTTAACTTAGGAATTG	0.2955079018854745	-0.043924761219667374	-1.5796960082191678	-0.040309461534400626	0.11504024405999669	-0.6476247572125144	-0.4127488389539602	0.20894251511288875
TACGTAGGTGGCAAGCGTTGTCCGGATTTATTGGGCGTAAAGCGAGCGCAGGCGGTCAATTAAGTCTGATGTGAAAGCCCCCGGCTCAACCGGGGAGGGT	1.4018788277887948	0.49263189990933043	2.245216182218149	2.0118205819722217	0.1014274372629691	0.20467087991822286	2.325861190266621	1.0543599550504803
TACGTAGGGCGCGAGCGTTGTCCGGAATTATTGGGCGTAAAGAGCTTGTAGGCGGTTTGTCGCGTCTGCTGTGAAAGGCCGGAGCTTAACTCCGTGTATT	2.5734747811936978	1.3826072986882458	3.2780079159599094	1.8998033676739734	-1.4993687854237985	-2.221006419581289	1.0890235647630808	2.341459733702671
TACGGAAGGTCCAGGCGTTATCCGGATTTATTGGGTTTAAAGGGAGCGTAGGCTGGAGATTAAGTGTGTTGTGAAATGTAGACGCTCAACGTCTGAATTG	0.7969530761026986	2.3827283855241075	0.3199545059066562	1.2644194213185411	-1.1228307471700143	0.19620904691803975	0.1194307550859568	-0.1396129305581928
TACGGAAGGTCCGGGCGTTATCCGGATTTATTGGGTTTAAAGGGAGCGTAGGCCGGAGATTAAGCGTGTTGTGAAATGTAGATGCTCAACATCTGCACTG	-1.418576246521508	-0.2284371380049457	-0.29312677051012237	-0.9706698979739148	0.8989660604767371	1.4065546727954201	-1.8110134854841116	-0.7375897343377948
TACGGAGGGCGCGAGCGTTACCCGGATTCACTGGGCGTAAAGGGCGTGTAGGCGGCCTGGGGCGTCCCATGTGAAAGACCACGGCTCAACCGTGGGGGAG	0.8077121913218148	0.438926386432005	-0.08875317241136749	-0.952057036340614	-0.23583507399038783	-1.7728991769970603	-1.3922436490583303	0.22546069071484798
TACGTAGGGTGCGAGCGTTAATCGGAATTACTGGGCGTAAAGCGGGCGCAGACGGTTACTTAAGCAGGATGTGAAATCCCCGGGCTCAACCTGGGAATTG	0.16990994808908777	-0.6082604650694599	-0.8112893786567899	-1.9686624135378796	-0.30725705484823695	0.7845326400576882	-1.113220717005718	-0.7335623676996113
TACGTAGGGGGCAAGCGTTATCCGGATTCATTGGGCGTAAAGCGCTCGTAGGCGGTCTGTTAGGTCGGGAGTTAAATCCGGGGGCTCAACCCCCGTTCGC	0.9600906312250741	0.5255470748704205	-0.7835236277717801	1.5048578951951068	-0.9973646388478707	1.7922616246371321	-0.1505878224897268	0.1827958647985577
TACGTAGGTGACAAGCGTTGTCCGGATTTATTGGGCGTAAAGGGAGCGCAGGCGGTCTGTTTAGTCTAATGTGAAAGCCCACGGCTTAACCGTGGAACGG	0.09921526310678797	0.16112689931805235	1.3205759290319232	-1.1063341225985486	0.1601248397402335	-0.8533697389782615	0.24003932327748512	0.4626086179990887
TACGTAGGGTGCAAGCGTTGTCCGGAATTACTGGGCGTAAAGAGCTCGTAGGTGGTTTGTCACGTCGTCTGTGAAATTCCACAGCTTAACTGTGGGCGTG	-0.7601785719609611	-0.4948427204329242	0.7128017756801395	-0.022926958978553458	0.27367508550210484	-0.7356090807141014	0.8061022505235789	1.1225921933431744
TACGTAGGGTGCGAGCGTTGTCCGGAATTACTGGGCGTAAAGGGCTCGTAGGTGGTTTGTCGCGTCGTCTGTGAAATTCTGGGGCTTAACTCCGGGCGTG	-0.9881980478978507	0.9323620076936017	1.7289231929641513	-1.4152070607546765	-1.4681485877461862	-1.3574829363049217	1.0450881466341135	1.4359826569337963
TACGTAGGGTGCAAGCGTTAATCGGAATTACTGGGCGTAAAGAGTGCGCAGGCGGTTTTGCAAGACCGATGTGAAATCCCCGGGCTTAACCTGGGAACTG	-0.4170124590611808	0.8036578174393902	-0.007423349871084284	0.041552511274437265	-0.14956116537527553	1.2725408411799721	-0.46274163871287133	0.0597310488004803
TACAGAGGGTGCAAGCGTTAATCGGAATTACTGGGCGTAAAGCGCGCGTAGGTGGTTATTTAAGTCAGATGTGAAAGCCCCGGGCTTAACCTGGGAACTG	-0.733132845184838	1.128495889500929	1.2676208156805782	-0.9912587727908093	-0.6812623725362252	0.44618770845521016	1.501983378834736	1.299670678832066
TACAGAGGGTGCAAGCGTTAATCGGAATTACTGGGCGTAAAGTGCGCGTAGGTGGTTATTTAAGTCAGATGTGAAAGCCCCGGGCTTAACCTGGGAACTG	0.1901619374537118	-0.1830744270521869	-0.12166387702409942	-1.8242019738558728	0.043958128886656844	-1.3622203134716697	0.1735830053758738	-0.530323045990932
TACGTATGTCACGAGCGTTATCCGGATTTATTGGGCGTAAAGCGCGTCTAGGTGGTTATGTAAGTCTGATGTGAAAATGCAGGGCTCAACTCTGTATTGC	-1.6191535055852286	1.522923069791151	-0.1599668946403714	-0.5567431773547131	-0.26671373705343715	-0.3428695463360496	0.47925445885182594	0.20925007507992976
TACGTAGGTGGCAAGCGTTGTCCGGATTTATTGGGCGTAAAGCGAGCGCAGGCGGAAGAATAAGTCTGATGTGAAAGCCCTCGGCTTAACCGAGGAACTG	-1.0858066141820304	1.1360335673850308	1.3346280071597842	0.1151746187802356	0.164482356505828	1.2690615392504982	0.0828554377031443	1.1141015936513057
TACGGAAGGTCCGGGCGTTATCCGGATTTATTGGGTTTAAAGGGAGCGTAGGCTGGAGATTAAGTGTGTTGTGAAATGTAGACGCTCAACGTCTGACTTG	1.7231817185663827	0.4776340003770123	-1.2089436736244412	0.9790263448353809	-1.5190218673177194	2.1573636866389565	-1.904823566966046	-0.2597160513620258
TACAGAGGGTGCGAGCGTTAATCGGAATTACTGGGCGTAAAGCGAGCGTAGGTGGTTTATTAAGTCAGATGTGAAATCCCTGGGCTTAACCTAGGAACTG	-0.3633012831426017	-1.7228303674895038	-0.043187209619924616	1.0637842987175983	-0.807458995384736	-0.7657466196240135	-1.7758400693464163	0.45589558527661556
TACGAAGGGGGCTAGCGTTGCTCGGAATTACTGGGCGTAAAGGGAGCGTAGGCGGACATTTAAGTCAGGGGTGAAATCCCGGGGCTCAACCTCGGAATTG	1.2758234679484017	0.38664941747601134	-1.2312827792305203	-1.4399265374545056	1.6390295638613273	-1.259562280100698	-1.4576218381452444	-2.031618374131191
TACGGAGGGTGCAAGCGTTACTCGGAATCACTGGGCGTAAAGGACGCGTAGGCGGATTATCAAGTCTCTTGTGAAATCTAACGGCTTAACCGTTAAACTG	-0.9028561175084464	-1.2081442598540058	0.10264199112470429	-0.7500979031924206	-0.407184599442048	0.00372192628968282	-0.9006614938306692	-0.2530751402597309
TACGGAAGGTCCGGGCGTTATCCGGATTTATTGGGTTTAAAGGGAGCGTAGGCCGGAGATTAAGCGTGTTGTGAAATGTAGACGCTCAACGTCTGCACTG	-0.37777519824269934	0.16364722211773497	-1.2479594435829373	-1.8598243321780163	0.05617076297326573	0.8152321911631875	0.3788337454271433	-2.7191765482644916
TACGTAGGGTGCGAGCGTTGTCCGGATTTATTGGGCGTAAAGGGCTCGTAGGTGGTTGATCGCGTCGGAAGTGTAATCTTGGGGCTTAACCCTGAGCGTG	-0.6650009215093009	-0.04709203283374208	0.8819977853160648	-0.4106932010058362	-0.1797455535359811	0.6832232213794045	-0.3273926034498098	0.08097134278012508
TACGGAAGGTTCGGGCGTTATCCGGATTTATTGGGTTTAAAGGGAGCGTAGGCCGTTTGGTAAGCGTGTTGTGAAATGTAGGAGCTCAACTTCTAGATTG	0.5181221902155526	0.9746360059540997	0.1355200323920993	-1.9618424500826794	-0.6572893844075631	-1.8210721277416893	-0.8341205373334768	-1.9364967520456196
TACGTAGGGCGCAAGCGTTGTCCGGAATTATTGGGCGTAAAGAGCTCGTAGGCGGCTGGTCGCGTCTGTCGTGAAAACTTCCGGCTCAACCGGGGGCTTG	0.5910220086359628	1.9251000757973924	-0.6540528025764676	1.8140039120312732	-0.055687068504853166	-0.6454682611645408	0.9675914987993357	0.43290857718182796
TACGTATGGTGCAAGCGTTATCCGGATTTACTGGGTGTAAAGGGAGCGCAGGCGGTGCGGCAAGTCTGATGTGAAAGCCCGGGGCTCAACCCCGGTACTG	0.4041957795405038	1.3218740734916459	-1.9033740248817654	-2.115809353769203	-0.4233117089696359	0.6451637483416848	-0.1869495168256643	-1.0029728586892963
TACGTAGGTGGCAAGCGTTGTCCGGATTTATTGGGCGTAAAGCGAGCGCAGGCGGATTGATAAGTCTGATGTGAAAGCCTTCGGCTCAACCGAAGAACTG	0.5478844582819589	0.27869396169598204	-0.6036673274177762	-0.21701339143552367	-0.9357660994954538	-1.2048847936810203	-2.3784668698835265	-0.7618051941614032
TACGTAGGGCGCGAGCGTTGTCCGGAATTATTGGGCGTAAAGGGCTTGTAGGCGGTTGGTCGCGTCTGCCGTGAAATCCTCTGGCTTAACTGGGGGCGTG	2.704003406294549	1.9723458166878953	-0.6986139502662869	1.7166910145875018	-1.2743207202382516	0.8463097549258523	-1.1164114728498342	0.5700738851804852
TACGGAAGGTCCAGGCGTTATCCGGATTTATTGGGTTTAAAGGGAGCGTAGGCCGTGGATTAAGCGTGTTGTGAAATGTAGACGCTCAACGTCTGAATTG	-0.952457910797631	-0.6057177309233417	0.4884710821967868	-0.869934233606239	-0.5459917769856881	0.024102780896311238	-2.1084664121198546	-0.40227200343416936
TACAGAGGGTGCAAGCGTTAATCGGATTTACTGGGCGTAAAGCGCGCGTAGGCGGCTAATTAAGTCAAATGTGAAATCCCCGAGCTTAACTTGGGAATTG	-0.3422122061467521	0.007167625026060165	1.5430427107673435	0.3926685128804248	0.940170606123643	-0.28368976346861796	0.0835735544633982	1.0272640411634564
TACAGAGGGTGCGAGCGTTAATCGGATTTACTGGGCGTAAAGCGTGCGTAGGCGGCTAATTGAGTCGGATGTGAAATCCCCGAGCTTAACTTGGGAATTG	-0.37904263140920325	0.045064496592832626	-0.222559877886221	-0.7964397992495496	1.8945305361322928	1.225152406769877	0.6486942514848826	0.3122182910223126
TACGTAGGGCGCGAGCGTTGTCCGGAATTATTGGGCGTAAAGAGCTCGTAGGCGGCTGGTCGCGTCTGTCGTGAAATCCTCTGGCTTAACTGGGGGCTTG	-1.5053720534062736	0.6587839003365765	0.29551487301404755	1.9417445335980457	0.7790941907934714	1.964171770888453	0.7088005289507029	0.40573297188473934
TACGTAAGGACCGAGCGTTGTCCGGAATCATTGGGCGTAAAGGGTACGTAGGCGGGTTTTTAAGTTAGAAGTCAAAGGCTATAGCTCAACTATAGTAAGC	0.9392564236902841	0.02599458654339415	-0.5297232356209012	0.5053602133389514	-0.478726028008027	-1.1876201891125389	-1.9355056539106261	0.05787501976681941
TACGAAGGGTGCAAGCGTTACTCGGAATTACTGGGCGTAAAGCGTGCGTAGGTGGTCGTTTAAGTCCGTTGTGAAAGCCCTGGGCTCAACCTGGGAACTG	-0.5311765730595939	-1.3171332601744403	0.1109592232566623	-0.08484164136685912	1.5045689954332877	0.04446289308655782	-0.49977686553477074	-0.4093185837488056
TACGTAGGGTGCGAGCGTTAATCGGAATTACTGGGCGTAAAGCGGGCGCAGACGGTTACTTAAGCAGGATGTGAAATCCCCGGGCTCAACCTGGGAACTG	-0.04022694232228918	0.7068782921593915	-0.5699728217262479	-0.9117228116396863	-0.7556949840016793	0.1840704418002419	-0.7455194249677541	1.25203996644212
TACGTAGGGCGCAAGCGTTGTCCGGAATTATTGGGCGTAAAGAGCTTGTAGGTGGCTTGTCGCGTCTGCCGTGAAAACCCGAGGCTCAACCTCGGGCGTG	-2.3199381888127677	-0.46590764562671083	-0.3576037373680325	1.2243189674314063	1.065869653122859	0.16810545690644307	0.6292950853777048	-0.33519651248263127
TACGTAGGGTGCAAGCGTTAATCGGAATTACTGGGCGTAAAGCGTGCGCAGGCGGTTATGCAAGACAGAGGTGAAATCCCCGGGCTCAACCTGGGAACTG	1.1583435475611337	-0.9360011343199481	0.4407578024726657	-1.8584632005099255	0.5862052156500388	-0.9973566793621726	-0.2604367986249807	-1.2447102244119526
TACGGAGGGTGCAAGCGTTATCCGGATTTATTGGGTTTAAAGGGTCCGTAGGCGGATCTGTAAGTCAGTGGTGAAATCTCACAGCTTAACTGTGAAACTG	0.12763761875864343	-0.19116373102252382	0.27566187714155	-1.1649684037569958	0.8444477780632544	-0.41329815618407206	-0.5814605012464407	-0.4664191181878925
TACGTAAGGTCCGAGCGTTGTCCGGAATCATTGGGCGTAAAGGGTACGTAGGCGGATAAGCAAGTTAGAAGTGAAATCCTATAGCTCAACTATAGTAAGC	-2.4359231054997794	0.4356820460122357	0.9831384781461505	1.1220659736987155	1.136443929272132	0.002064082699900105	0.11948439926625465	1.119909760810864
TACGTAGGGGGCAAGCGTTATCCGGATTTACTGGGTGTAAAGGGAGCGTAGACGGCATGGCAAGCCAGATGTGAAAGCCCGGGGCTCAACCCCGGGACTG	-0.2057557165837638	0.7568954702180157	-0.6321178164619656	0.5476877961751025	-0.5275595174260568	-0.34600260488402323	-0.4818430200147512	-0.10399593665407902
TACGTAGGGTGCGAGCGTTAATCGGAATTACTGGGCGTAAAGAGTGCGCAGGCGGTTTTGCAAGACCGATGTGAAATCCCCGGGCTTAACCTGGGAACTG	-0.10692406298879309	-0.1682041410643329	-0.687381335749075	-1.259648474634071	-0.03441238264517299	-1.4458709024609275	-0.22648217826365258	-1.2820174868326069
TACGGAGGGTGCGAGCGTTAATCGGAATAACTGGGCGTAAAGGGCACGCAGGCGGACTTTTAAGTGAGGTGTGAAAGCCCCGGGCTTAACCTGGGAATTG	2.623641149678195	-2.915690017147706	-3.5007062640327673	-0.24410632509030883	-1.3075243220754098	0.6888111568270974	1.1855444654893992	1.5951698844213604
TACGGAAGGTCCGGGCGTTATCCGGATTTATTGGGTTTAAAGGGAGCGTAGGCCGCCAGGTAAGCGTGTTGTGAAATGTACCGGCTCAACCGGTGAATTG	-0.903928047440087	-0.9159658674437274	-0.7095143284935208	-0.5194834794405896	0.2802735580973197	0.16498384245026632	0.5295982107591746	-1.5522160704355121
TACGGAGGGTGCGAGCGTTAATCGGAATAACTGGGCGTAAAGGGCACGCAGGCGGTTATTTAAGTGAGGTGTGAAAGCCCCGGGCTTAACCTGGGAATTG	2.3263691007876046	-1.0978010420042734	0.8519050392967014	1.947528985559563	1.7217785729937125	1.0931908226786904	2.681716848917019	0.968822923757565
TACGTAGGGTGCGAGCGTTGTCCGGAATTACTGGGCGTAAAGAGCTCGTAGGTGGTCTGTCGCGTCATTTGTGAAAGCCCGGGGCTTAACTCCGGGTTGG	-0.4111745417332999	0.4027395721238385	0.404431990132883	0.29535922151766236	1.3634020998053122	-0.21605041257750468	1.1031061157655833	0.5548344974298596
TACGGAAGGTCCAGGCGTTATCCGGATTTATTGGGTTTAAAGGGAGCGTAGGCGGATTATTAAGTCAGTGGTGAAAGACGGTGGCTCAACCATCGTTAGC	1.7303460180544503	-1.2561050180632343	0.40553169582898896	0.2598423038121265	1.7884141816668078	-0.2817456983746238	0.6267704710435984	2.28212056801511
TACGGAGGATGCGAGCGTTATCCGGATTTATTGGGTTTAAAGGGTGCGTAGGCGGTTTGTTAAGTCAGCGGTGAAATCTAGAGGCTCAACCTCGAAACTG	0.27786254284616785	-0.1967610840040912	0.04261069630201142	2.8657726917859123	1.1379360272459556	1.809129455986505	3.0082881495428198	1.3808048789281964
TACGTAGGTGGCAAGCGTTGTCCGGATTTATTGGGCGTAAAGCGAGCGCAGGCGGTTCCTTAAGTCTGATGTGAAAGCCCCCGGCTCAACCGGGGAGGGT	0.8877197444224008	1.0055041189950238	-1.2104628768104764	1.5460712884064716	-1.7183634028859567	0.1561318374453835	1.9899487838220713	-0.7409668143014789
TACGGAGGGTGCAAGCGTTATCCGGACTTATTGGGTTTAAAGGGTCCGTAGGCGGGTTATTAAGTCAGTGGTGAAATCTCATAGCTCAACTATGAAACTG	1.9220032632135995	1.6903570469182263	-1.7299209323066922	1.6766280804272693	-1.176782725853486	-0.043600943011159465	-0.06165697722910668	2.2035344664831276
TACGGAAGGTCCAGGCGTTATCCGGATTTATTGGGTTTAAAGGGTGCGTAGGCCGTTTGATAAGCGTGCTGTGAAATATAGTGGCTCAACCTCTATCGTG	0.08231520054575281	1.0744036312859784	0.49790870283658784	0.055007902204613046	-0.9689636216588449	0.7590826488314919	-0.561026121668804	1.8266883914251437
TACGGAGGATCCGAGCGTTATCCGGATTTATTGGGTTTAAAGGGAGCGTAGGTGGACTGGTAAGTCAGTTGTGAAAGTTTGCGGCTCAACCGTAAAATTG	0.11404990551706629	0.15210144479687315	-0.5989289965767117	-0.8702556218508679	-0.6351746306844186	-1.6069448255718894	-1.1960623517560842	-1.08508540942477
TACGTAGGGCGCGAGCGTTGTCCGGAATTATTGGGCGTAAAGAGCTTGTAGGCGGTTGGTCGCGTCTGCTGTGAAAGGCCGGGGCTTAACTCCGGTTTTG	0.8391356408381112	-0.7758823160368671	-1.376217195047781	0.6781236205693286	2.0315357460550834	0.4103970266162209	-1.3444292798566702	-1.0063388521890522
TACGGAGGATGCGAGCGTTATCCGGAATCATTGGGTTTAAAGGGTCCGTAGGCGGGCTGATAAGTCAGAGGTGAAAGCGCTTAGCTCAACTAAGCAACTG	-1.05845499636892	-0.10520894567553896	0.2755828413825778	0.03349062544069703	-0.21637928347067348	-0.6313975118817039	-1.1802637830304983	-0.18459786727236516
TACGTAGGTGGCAAGCGTTGTCCGGAATTATTGGGCGTAAAGCGCGCGCAGGCGGATCAGTTAGTCTGTCTTAAAAGTTCGGGGCTTAACCCCGTGATGG	-0.19366932513478918	1.7721732135575543	-0.8137418713707181	-0.2921829547289807	-1.2251385436482858	-0.14959361783873515	2.6733018055629847	0.44037858889294856
TACGTATGTCGCGAGCGTTATCCGGAATTATTGGGCATAAAGGGCATCTAGGCGGCCTGACAAGTCAGGGGTGAAAACCTGCGGCTCAACCGCAGGCCTG	-0.6958992541051261	-0.1310884479719867	0.04943340157087128	-0.28439751523770873	-0.373126982254548	-0.4850232862652488	0.10451767296315406	-0.3837690527658344
TACGGAAGGTCCGGGCGTTATCCGGATTTATTGGGTTTAAAGGGAGCGTAGGCCGTGGATTAAGCGTGTTGTGAAATGCAGGTGCTCAACGTCTGCACTG	-1.2148845255589835	-0.9414296869475116	-0.19551546241228301	0.1738977108593982	1.926941217380004	0.009011242467050984	-0.2973933473157766	-1.1676829035501362
TACGTATGTCACAAGCGTTATCCGGATTTATTGGGCGTAAAGCGCGTCTAGGTGGTTATATAAGTCTGATGTGAAAATGCAGGGCTCAACTCTGTATTGC	1.2830737769388803	-0.6637848142821063	-1.3688150134224149	-1.0314740266207654	0.15114075084252843	-1.1693699621380516	-2.0448844686078917	-0.6532057697992206
TACGGAAGGTCCAGGCGTTATCCGGATTTATTGGGTTTAAAGGGAGCGTAGGCGGATTGTTAAGTCAGCGGTTAAAGGGTGTGGCTCAACCATACATTGC	-0.42419529559377356	-1.2363589529234638	-0.6034780230659695	-1.1567274655703503	0.5711599006228019	-0.07475247613799052	-1.9535768285322082	-0.9890549357156644
TACGTAGGGGGCAAGCGTTATCCGGATTTACTGGGTGTAAAGGGAGCGCAGACGGCGAAGCAAGTCTGAAGTGAAATGCATGGGCTCAACCCATGAATTG	0.37367319462534265	-1.0352864984709491	-0.8456397738594266	-1.1878882970217663	0.8273883922867347	0.11258694894898458	-0.5621960416364553	-0.5935994560937763
TACAGAGGTCTCAAGCGTTGTTCGGAATCACTGGGCGTAAAGCGTGCGTAGGCTGTTTCGTAAGTCGTGTGTGAAAGGCGCGGGCTCAACCCGCGGACGG	0.5002536713862069	-1.595009160442995	-0.5387037482399197	1.5274447773095172	0.10679888864083775	-0.2113225721539207	-0.31810810714243676	-0.4420331890802265
TACGGAGGGTGCAAGCGTTACTCGGAATCACTGGGCGTAAAGGACGCGTAGGCGGATTATCAAGTCTCTTGTGAAATCCTATGGCTTAACCATAGAACTG	0.876068347670997	-0.6702028040129413	-0.9245422568458768	0.2746343289013904	0.5829298808149863	2.2944081164180092	-0.33875205665110375	-0.9751382048349262
TACAGAGGGTGCAAGCGTTAATCGGAATTACTGGGCGTAAAGCGCGCGTAGGTGGTTAGTTAAGTTGGATGTGAAATCCCCGGGCTCAACCTGGGAACTG	0.6362957894587167	1.633086907462431	0.9934415731292514	1.437889275371651	-1.5698977694936227	-2.0450101160229393	0.762943719334614	1.6519511167783856
TACGGAGGGGGCTAGCGTTGTTCGGAATTACTGGGCGTAAAGCGCACGTAGGCGGCGATTTAAGTCAGAGGTGAAAGCCCGGGGCTCAACCCCGGAACTG	-0.32181096675161047	-0.18574733774249452	-0.3476621594566556	1.521607515632729	-0.36041307310537807	-1.009695794504995	-0.22143104224680688	-0.15372957541750676
TACGGAGGGTGCAAGCGTTAATCGGAATTACTGGGCGTAAAGCGCACGCAGGCGGTTGGATAAGTTAGATGTGAAAGCCCCGGGCTCAACCTGGGAATTG	-0.3519668638921134	1.0520362581771145	0.02788775299604218	-0.4608911599520642	-0.1892161355443429	-1.117383267802114	-0.6416051641034963	-0.8244246418695331
TACGTAGGGGGCAAGCGTTATCCGGATTCATTGGGCGTAAAGCGCTCGTAGGCGGTCTGTTAGGTCGGGAGTTAAATCCGGGGGCTCAACCCCCGCTCGC	-0.37867713572744055	-0.04752535860125917	-1.7093132224220486	1.003336099207024	0.5965918316416312	1.746062204170113	0.1599735960435984	-0.5137543852548481
TACGTATGTCGCAAGCGTTATCCGGAATTATTGGGCATAAAGGGCATCTAGGCGGCCAGATAAGTCTGGGGTGAAAACTTGCGGCTCAACCGCAAGCCTG	-0.9599549830174796	-0.03758986036364931	-0.6630038705009671	-1.3991974915865857	-1.1635986552663278	-0.3743751310528465	0.9701633200121043	-1.0424347098092914
TACGTATGTCGCAAGCGTTATCCGGAATTATTGGGCATAAAGGGCATCTAGGCGGCCCTGTAAGTCTAGGGTGAAAACCTGCGGCTCAACCGCAGGCCTG	-2.382502561829125	0.4225265260499249	0.355951241002634	-0.16638234514035766	-0.1125228391118478	0.09427282579529805	0.7750327333879587	1.2302131776590466
TACGGAGGATGCGAGCGTTATTCGGAATCATTGGGTTTAAAGGGTCTGTAGGCGGGCTATTAAGTCAGGGGTGAAAGGTTTCAGCTTAACTGAGAAATTG	2.1801351547026284	-1.6895609621245136	-0.12327582503740508	-0.07079580682553832	0.2709380402140189	-0.7989237569988914	-0.5091719880628469	-2.7196784193735004
TACGTAGGGTGCAAGCGTTGTCCGGATTTACTGGGCGTAAAGAGCTCGTAGGTGGTGTGTCGCGTCGTCTGTGAAATTCCGGGGCTTAACTCCGGGCGTG	0.8952159821772225	-0.40760381261889833	-0.39404041434709747	0.7891068134900134	-1.7300678477712106	-1.1589205526531883	-1.8656151547956359	-1.5729117567758442
TACGTATGTCGCGAGCGTTATCCGGAATTATTGGGCATAAAGGGCATCTAGGCGGCCGGATAAGTCTGGGGTGAAAACTTGCGGCTCAACCGCAAGCCTG	-0.3497815191960685	-2.451411796017335	0.1109376463752536	0.3461483393307727	1.332141162352996	-0.24081137411009745	0.5718583807420847	-1.1373405630807758
TACGTAGGGTGCGAGCGTTAATCGGAATTACTGGGCGTAAAGCGAGCGCAGACGGTTTATTAAGCAAGATGTGAAATCCCCGAGCTTAACTTGGGAACTG	-1.5011386931157462	-0.7153232816893329	0.7596892330508975	0.563859609186272	-0.05908310274557582	0.09756479032624288	-0.8504617467450979	-0.6222418720941425
TACGGAAGGTCCGGGCGTTATCCGGATTTATTGGGTTTAAAGGGAGTGTAGGCGGCCTGTTAAGCGTGTTGTGAAATGTAGATGCTCAACATCTGAACTG	-2.238182550690209	0.7047685261529217	0.3584427151542453	0.1593420181866687	-0.5169546590276193	-0.04980435602080302	-0.7103948846387746	-0.08486666037844426
TACGTAGGGGGCTAGCGTTATCCGGAATTACTGGGCGTAAAGGGTGCGTAGGTGGTTTCTTAAGTCAGAGGTGAAAGGCTACGGCTCAACCGTAGTAAGC	-1.8538937628484122	0.24023144205029112	-1.2496100154060574	-0.4852326239947278	1.5239861621431876	2.2855451441584878	0.7674150213670847	-0.8078330929498554
TACGTAGGTGGCAAGCGTTATCCGGATTTATTGGGCGTAAAGCGAGCGCAGGCGGTTGCTTAGGTCTGATGTGAAAGCCTTCGGCTTAACCGAAGAAGTG	1.4286931693338998	-1.5823627237517108	-0.30947870875780303	-0.287839564264198	-0.7660675034947824	-0.15053525201689677	0.4705207094621775	-0.37431086852358586
TACGGAGGGAGCTAGCGTTGTTCGGAATTACTGGGCGTAAAGCGCACGTAGGCGGCGATTTAAGTCAGAGGTGAAAGCCCGGGGCTCAACCCCGGAACTG	0.8479801356577523	0.727096187667204	-0.9921951975959988	1.607856658517937	0.6403562142424155	-0.1568029188336082	-1.198953892283428	1.0564766277451634
TACGGAGGGTGCGAGCGTTAATCGGAATAACTGGGCGTAAAGGGCACGCAGGCGGCTATTTAAGTGAGGTGTGAAATCCCCGGGCTTAACCTGGGAATTG	-0.3029422819829337	-1.0444732431608905	-0.8158041920799466	-1.0920423592928845	0.2524508847765494	-0.5228357576550193	-1.314103867106426	-0.26775028064059025
TACGTAGGGTGCAAGCGTTAATCGGAATTACTGGGCGTAAAGCGTGCGCAGGCGGTTATGCAAGACAGATGTGAAATCCCCGGGCTCAACCTGGGAACTG	-1.2094578802800529	-0.03173584978167909	-0.041252442850515436	1.1302023802395862	0.9492214447729159	1.8307936190842442	-2.013916756205548	0.42234538243008846
TACGTAGGTGGCAAGCGTTGTCCGGAATTATTGGGCGTAAAGCGCGCGCAGGCGGATCTGCCAGTCTGTCTTAAAAGTTCGGGGCTCAACCCCGTGATGG	2.436812856771911	0.7205326433938275	-1.0153868880409451	1.4944835577603381	-0.6970473514028024	-1.1517465376080223	0.8302499994707224	2.1813732211370587
TACGTAGGGCGCGAGCGTTGTCCGGAATTATTGGGCGTAAAGAGCTTGTAGGCGGTTTGTCGCGTCTGCTGTGAAAGGCCGGGGCTTAACTCCGTGTATT	2.1800975143694528	1.1864309411209355	-2.4267085280555927	2.003690925657372	-0.18797767023519985	0.6685471273242287	1.0004625067186472	1.2512450788993954
TACGTAGGTGGCGAGCGTTATCCGGATTTACTGGGCGTAAAGGGAGCGTAGGCGGATGATTAAGTGGGATGTGAAATACCCGGGCTCAACTTGGGTGCTG	-0.10339570643666907	1.2875102672439347	-0.7635030236381741	0.10497292619905885	0.11459881206079015	-1.0360532068432518	0.07154247612477516	-1.1825220759134174
TACGGAAGGTCCGGGCGTTATCCGGATTTATTGGGTTTAAAGGGAGCGTAGGCTGTCTATTAAGCGTGTTGTGAAATATACCGGCTCAACCGGTGGCTTG	-0.566424614212548	-1.0492172960478534	-0.4212957110542508	-0.1732411708239514	0.21099442382379063	0.8594773746310524	-0.9696395650434377	-0.8164366657953144
TACGGAGGATCCGAGCGTTATCCGGATTTATTGGGTTTAAAGGGTGCGTAGGCGGCCTTTTAAGTCAGCGGTGAAAGTCTGTGGCTCAACCATAGAATTG	-0.8271820605016105	-1.2847944025236835	1.3101196948152332	-0.8533073987368542	-0.20038807253317348	-0.15011027089964823	0.5565488085222361	-0.31763340785311467
TACGGAGGGTGCAAGCGTTATCCGGATTTATTGGGTTTAAAGGGTCCGTAGGTGGGTTAGTAAGTCAGTGGTGAAATCCTGCAGCTTAACTGTAGAATTG	0.7282396495127328	1.0213598485749493	1.5835563752513675	1.9997994576092761	0.5657987012438346	0.25166234739411397	2.3032824143838995	1.54935781405164
TACGTATGTCGCAAGCGTTATCCGGAATTATTGGGCATAAAGGGCATCTAGGCGGCCAGACAAGTCTGGGGTGAAAACTTGCGGCTCAACCGCAAGCCTG	-0.17721582057241125	-1.1125622514921893	-0.3610460248131009	-0.2608123149279553	0.29889208217187413	0.030605528432016804	0.005538438267719492	-1.2879913027505756
AACGTAGGTCACAAGCGTTGTCCGGAATTACTGGGTGTAAAGGGAGCGCAGGCGGGAAGACAAGTTGGAAGTGAAATCCATGGGCTCAACCCATGAACTG	-0.7335498392796866	-0.39128990213458437	0.0146459851127414	-1.5778445329073865	-0.8011668906636666	-0.9707055353344627	0.4315528616380808	1.2976547305364727
AACGTAGGTCACAAGCGTTGTCCGGAATTACTGGGTGTAAAGGGAGCGCAGGCGGGAGAACAAGTTGGAAGTGAAATCCATGGGCTCAACCCATGAACTG	0.20669602749582605	0.11867909391338927	-1.2015476908821316	-1.5466212357882458	-0.12126338343100063	-0.7641721033276268	0.06115982384206031	-1.2311299021463276
TACGTAGGGGGCAAGCGTTATCCGGATTTACTGGGTGTAAAGGGAGCGTAGACGGTGTGGCAAGTCTGATGTGAAAGGCATGGGCTCAACCTGTGGACTG	0.8132450520777352	-0.2620301965910663	-0.4591086592811795	-1.2124761666659314	0.3773407949976493	-0.5177407526196189	-0.7545683637189748	-0.23131670310305363
TACGTAGGGGGCAAGCGTTATCCGGAATTACTGGGTGTAAAGGGTGCGTAGGTGGTATGGCAAGTCAGAAGTGAAAACCCAGGGCTTAACTCTGGGACTG	-0.643561369202172	0.563236939505888	-0.07669789458696563	-0.676787170350929	-0.6818596110768746	-0.2723155283154197	-0.710853363566387	-0.8941236908655048
TACGTAGGTGGCAAGCGTTGTCCGGATTTACTGGGTGTAAAGGGCGTGTAGCCGGGAAGGCAAGTCAGATGTGAAATCCACGGGCTTAACTCGTGAACTG	-1.0816276133275382	-0.03107638399188417	-0.13268179561083038	0.05358287435732301	0.09334337850137242	-0.42763855687987284	-0.5529144063520315	-1.0728373701791645
TACGTAGGGGGCAAGCGTTATCCGGATTTACTGGGTGTAAAGGGAGCGTAGACGGTTTTGCAAGTCTGAAGTGAAAGCCCGGGGCTTAACCCCGGGACTG	-1.4252934515691154	-0.5975621465880145	-0.5573492732185574	-0.6932529534701306	-0.2154743657536935	-0.5127022527874656	0.4334153875780222	-1.1844339544992328
TACGTAGGTGGCAAGCGTTGTCCGGATTTATTGGGCGTAAAGCGAGTGCAGGCGGCTCGATAAGTCTGATGTGAAAGCCTTCGGCTCAACCGGAGAATTG	0.2596521317743905	-0.9537420992094745	-0.2513391461509915	0.1197290096875232	1.5443059219889212	0.5931452251254372	-0.6088853135633352	0.9605391857106804
TACGTAGGGTGCGAGCGTTAATCGGAATTACTGGGCGTAAAGCGAGCGCAGACGGTTACTTAAGCAGGATGTGAAATCCCCGGGCTTAACCTGGGAACTG	-0.07640529277089758	-1.3129716638762226	-0.5530071940559598	-0.5173406924609143	-0.06594908098654262	-1.0705988668621726	-0.20555045753001	-1.7438774283151508
TACGTAGGGGGCGAGCGTTGTCCGGAATTATTGGGCGTAAAGCGCGCGCAGGCGGTCCCTTAAGTCTGATGTGAAAGCCCACGGCTCAACCGTGGAGGGT	1.6192072570109017	-1.2951067213255634	-0.9155438628334256	0.35510948044023927	-1.2007480845876168	-1.4045257829846092	-0.739614988856304	-1.0192558939676166
TACGTATGTCACGAGCGTTATCCGGATTTATTGGGCGTAAAGCGCGTCTAGGTGGTTATATAAGTCTGATGTGAAAATGCAGGGCTCAACTCTGTATTGC	-0.9182763159489982	-1.0984216455656757	0.34348129366452973	-1.293076666772743	-0.09687363962606899	-0.68966057531249	-0.5883724942731741	0.1836808745641827
TACGTAGGTGGCAAGCGTTGTCCGGATTTATTGGGCGTAAAGCGAGTGCAGGCGGTTCAATAAGTCTGATGTGAAAGCCTTCGGCTCAACCGGAGAATTG	2.551249013819659	0.5248781319421063	0.7845691952567844	1.5858060393925708	0.9273025928906966	2.4054586625872902	2.365320269770634	0.5857809011716961
TACGTAGGTGGCAAGCGTTGTCCGGATTTATTGGGCGTAAAGGGAACGCAGGCGGTCTTTTAAGTCTGATGTGAAAGCCTTCGGCTTAACCGGAGTAGTG	1.0673149764322885	-1.1291883711058368	-0.5497680392402859	-0.47961941617765014	-1.2825461612172555	0.10633060701478048	-1.0356202378797414	0.21122495577527278
TACAGAGGGTGCGAGCGTTAATCGGATTTACTGGGCGTAAAGCGTGCGTAGGCGGCTTATTAAGTCGGATGTGAAATCCCCGAGCTTAACTTGGGAATTG	-0.49184942843679114	-1.4457598451811542	-0.642546245111868	-0.09013048070706908	0.026186825232939803	-0.850887324732656	-0.03236129432200219	-0.729490059159267
TACGTAGGTGGCAAGCGTTATCCGGATTTATTGGGCGTAAAGCGAGCGCAGGCGGTTTTTTAAGTCTGATGTGAAAGCCCTCGGCTTAACCGAGGAAGCG	0.48645185826059656	-0.7855642561156024	-0.6617484774727078	-0.5231532182101208	-0.058082459969086564	-0.3412206434429832	-0.3798959508466604	-1.3053610499124408
TACGGAAGGTCCGGGCGTTATCCGGATTTATTGGGTTTAAAGGGAGCGTAGGCCGGAGATTAAGTGTGTTGTGAAATGTAGACGCTCAACGTCTGACTTG	1.9607446729921945	-2.003097129269289	-2.7781553950447284	2.418511000692467	-0.8880698666997384	1.422925237494593	-0.9425704732465627	1.0001951170046448
TACGTAGGGTGCAAGCGTTGTCCGGATTTATTGGGCGTAAAGGGCTCGTAGGCGGTTTGTTGCGTCTGGTGTGAAAGCTTACTGCTTAACGGTAGGTTGC	2.2717801272654183	2.361584353045775	-0.4852433886665555	1.8448222551938098	0.4574378146700431	2.925801727849131	-0.5035918012189748	1.0628094089110016
TACAGAGGGTGCAAGCGTTAATCGGAATTACTGGGCGTAAAGCGAGCGTAGGTGGTTTATTAAGTCAGATGTGAAATCCCTGGGCTTAACCTAGGAACTG	0.48788236973520593	-0.8983133558470477	0.23441462849195283	-1.8410085763339001	0.7098605646662284	-0.914424683970327	-0.5255806699323538	-0.14975609137820012
TACGTATGTCGCGAGCGTTATCCGGAATTATTGGGCATAAAGGGCATCTAGGCGGATATACAAGTCAGGGGTGAAAACTTAGGGCTCAACTCAAAGCTTG	-0.8343329489446036	-0.29715974371020604	0.046676329122140814	-0.45690706628598754	-0.6074483380742501	-0.33557989828001933	-0.5852349057721975	-0.9566681559305072
TACAGAGGGTGCAAGCGTTAATCGGAATTACTGGGCGTAAAGCGCGCGTAGGTGGTTTGTTAAGTTGGATGTGAAAGCCCCGGGCTCAACCTGGGAACTG	-1.0104613363957755	0.15581910570080382	1.7710356030326633	-0.5066130484942395	0.6048696949057151	-0.29598834745299296	-0.5027194276380422	0.476376218058598
TACGTAGGGCGCAAGCGTTATCCGGAATTATTGGGCGTAAAGAGCTTGTAGGCGGTTCGTCGCGTCTGGTGTGAAAGCCCATCGCTTAACGGTGGGTCTG	-0.02218747737172766	-0.4535239462095966	-0.5766121831077786	-0.14218238252439086	1.9265252961687613	-0.8367333673657127	-0.8093111768293264	-0.2660728867273212
TACGTAGGGTGCGAGCGTTGTCCGGAATTACTGGGCGTAAAGAGCTCGTAGGTGGTCTGTCGCGTCATTTGTGAAAGCCCGGTGCTTAACTCCGGGTTGG	-2.24287939669851	-0.5574609760481586	0.6441860113006381	-0.08629563707151	0.413990618186431	0.03838572271454854	0.9075901255083201	-0.17185904338167912
TACGTAGGATCCGAGCGTTATCCGGAGTGACTGGGCGTAAAGAGTTGCGTAGGTGGTTTAATAAGCGAATAGTGAAATCTGGTGGCTCAACCATTCAGAC	-0.9777016699529044	-1.1251195196348895	0.03059606884534638	1.0175797019597095	0.06171518703027257	-0.7289619707287498	-0.21370365767954613	-0.624461549065578
TACGGGGGGTGCGAGCGTTAATCGGAATAACTGGGCGTAAAGGGCACGCAGGCGGTGACTTAAGTGAGATGTGAAAGCCCCGAGCTTAACTTGGGAATTG	1.2341166674875863	1.1276270921986828	-1.2731550421852322	1.5854743991490405	-0.32157826284842006	-0.6499762796581932	1.0567990288210032	-1.2108900721292377
TACGAAGGGGGCTAGCGTTGCTCGGAATTACTGGGCGTAAAGGGAGCGTAGGCGGACTGTTTAGTCAGAGGTGAAAGCCCAGGGCTCAACCTTGGAATTG	0.19125270245310144	0.13900666196758849	-1.4565027442115994	1.7279364441033405	-0.18430387834982387	-0.4477858804882713	-1.3316948667096975	1.0897835393328785
TACGTAGGGTGCGAGCGTTAATCGGAATTACTGGGCGTAAAGCGTGCGCAGGCGGCTTTGCAAGACAGAGGTGAAATCCCCGGGCTCAACCTGGGAACTG	0.11693238613840418	0.212352203921629	-0.320679732813284	1.124500182687859	-0.9550394998021554	-1.4462588094891258	0.06483099312306617	0.7499251191396832
TACGTAGGTGGCAAGCGTTATCCGGAATTATTGGGCGTAAAGAGGGAGCAGGCGGCAGCAAGGGTCTGTGGTGAAAGCCTGAAGCTTAACTTCAGTAAGC	0.20004677174326257	0.018985557154966415	-0.7149687495369168	-1.6986755456332165	-0.6257462487645578	-0.6212170385540672	0.19884917587758277	-2.008047359726894
TACGTATGTCCCGAGCGTTATCCGGATTTATTGGGCGTAAAGCGAGCGCAGACGGTTGGTTAAGTCTGATGTGAAAGCCCGGAGCTCAACTCCGGAAAGG	0.06623386738535242	-0.40316469709460634	-0.2449125733513089	-0.22980538266934936	-1.0916017280049752	0.32478973634827657	-0.750361944727886	-1.6080391581277729
TACGTAGGTGGCAAGCGTTGTCCGGAATTATTGGGCGTAAAGCGCGCGCAGGCGGCCTATTCAGTCTGTCTTAAAAGTTCGGGGCTCAACCCCGTGATGG	1.1315953671717294	-2.3891077760893564	0.11925857399518769	1.6413941357728046	-0.5680963979192208	0.4363634324847512	0.9772082313966868	1.0328072712649226
TACGTAGGGGGCAAGCGTTATCCGGATTCATTGGGCGTAAAGCGCGCGTAGGCGGTCTGTTAGGTCAGGAGTTAAATCTGGGGGCTCAACCCCTATCCGC	-0.7454366743779532	-0.8137722734648456	0.4731419000488071	-0.4312520350817639	0.7363103045992423	-0.7783377432049461	-1.5336745038556936	-0.20940865828799105
TACGGAGGGTGCAAGCGTTAATCGGAATTACTGGGCGTAAAGCGCACGCAGGCGGTCTGTTAAGTCAGATGTGAAATCCCCGGGCTCAACCTGGGAACTG	-2.5730805456853263	0.12839441259319884	1.0301814067822246	-0.6022930468920666	0.24887424846215733	0.04694232709992452	-0.4759812608289602	0.007672292449009355
TACGTATGTCGCGAGCGTTATCCGGAATTATTGGGCATAAAGGGCATCTAGGCGGTTATGCAAGTCAGGGGTGAAAACTTACGGCTCAACCGTGAGCTTG	-1.1408457815862052	-0.6935357574660053	-0.39810366298143585	-0.550937446535011	0.4477254762224723	0.2601316905795388	0.05796549171925758	-0.5346844370584369
TACGGAGGATGCGAGCGTTATCCGGATTTATTGGGTTTAAAGGGTGCGTAGGCGGTCCGTTAAGTCAGCGGTAAAATTGCGGGGCTCAACCCCGTCGAGC	-0.3877508700108878	-0.6978609089094867	1.846848777280405	-1.5115603532198865	-1.5166891799397897	-1.2602353357495018	1.0680144772005198	1.8384787266035199
TACGTAGGGCGCAAGCGTTATCCGGAATTATTGGGCGTAAAGAGCTTGTAGGCGGTTCGTCGCGTCTGGTGTGAAAGCCCATCGCTTAACGGTGGGTTTG	0.42294048664804773	-0.38486142198626894	-0.5585197892326565	-2.311213644922157	-0.5854102359242868	-1.0194471143902488	-1.293708588175762	-0.42974128081606633
TACGTATGTCGCAAGCGTTATCCGGAATTATTGGGCTTAAAGGGCATCTAGGCGGTTTTTCAAGTCAGGGGTGAAAACTTATGGCTCAACTATAAGCTTG	0.6268894612574227	-1.6809859995085468	2.3647304091316013	-1.8932713593844372	2.46839177747293	0.015486691075449421	0.041066144413959726	0.9910754945953011
TACGTAGGGTGCAAGCGTTATCCGGAATTATTGGGCGTAAAGGGCTCGTAGGCGGTTCGTCGCGTCCGGTGTGAAAGTCCATCGCTTAACGGTGGATCTG	-1.1755089819646232	1.2027654599111806	-0.024834224237844538	-0.37061086553372924	0.07100182910485753	-0.7432570718945213	-0.48696353583811547	0.2780458752889752
TACGTAGGTGGCAAGCGTTGTCCGGATTTACTGGGTGTAAAGGGCGTGTAGCCGGGCTGACAAGTCAGATGTGAAATCCGGGGGCTCAACCCCCGAACTG	-1.4173107207036368	-0.9948631052214374	-0.3199489798683377	-0.1550684298876721	0.09203374524636754	-0.522614266795034	-0.5902078404950979	-0.5358506615381122
TACGTAGGGCGCAAGCGTTATCCGGATTTATTGGGCGTAAAGGGCTCGTAGGCGGCTCGTCGCGTCCGGTGTGAAAGTCCATCGCTTAACGGTGGATCTG	0.2263588845514901	0.016590046481443466	0.24757753943021577	0.5406100426312488	-1.2471104846425485	-1.1281953119457908	1.2762911066484568	-1.826733368180263
TACAGAGGGTGCAAGCGTTAATCGGAATTACTGGGCGTAAAGCGCGCGTAGGTGGTTTGTTAAGTCGGATGTGAAATCCCAGGGCTCAACCTTGGAATGG	-1.37083292605642	-1.5904241327482929	-0.5471144404548856	0.3703549180623096	0.7963971211485434	2.4037235713778786	-1.0778308167981985	-0.8210681851129413
TACGTATGTTGCGAGCGTTATCCGGAATTATTGGGCTTAAAGGGCATCTAGGCGGTAAGACAAGTTGAAGGTGAAAACCTGTGGCTCAACCATAGGCTTG	-0.7120604574895255	1.4842961754363309	-0.3740953889030667	-1.0766727055911023	0.5578148378901053	0.10507330663788839	1.1809705242586253	-1.9811868841867328
TACGGAGGATGCGAGCGTTATCCGGATTTATTGGGTTTAAAGGGTGCGTAGGCGGACTGTCAAGTCAGCGGTAAAATTGAGAGGCTCAACCTCTTCCCGC	-0.42115426661733313	-0.7151658062178363	0.8155738327365665	-2.079397829950233	-0.45348298410849086	-0.8063452505291648	-1.3630669370221975	-1.0906503374795795
TACGTAGGTGGCGAGCGTTATCCGGAATGATTGGGCGTAAAGGGTGCGCAGGCGGTCCTGCAAGTCTGGAGTGAAACGCATGAGCTCAACTCATGCATGG	-1.0122504294133536	0.08312933404858214	1.5694436344962863	-0.8755809392336804	-0.5493653998799752	0.2787625528155617	0.6002561792802927	0.30339298889828914
TACGTAGGGGGCAAGCGTTATCCGGATTTACTGGGTGTAAAGGGAGCGTAGGTGGCAGGGCAAGTCAGATGTGAAAACCCGGGGCTCAACTCCGGGATTG	-2.4061970770573966	0.5134313579362164	-0.09383756781999786	-0.09007624048032259	-0.576582907242341	0.1032129264651589	0.3377663835954783	-0.18423296763705022
TACGTAGGGGGCAAGCGTTATCCGGATTTACTGGGTGTAAAGGGAGCGTAGACGGTGAAGCAAGTCTGAAGTGAAAGGCGGGGGCTCAACCCCCGGACTG	-1.7997283995366447	-0.3485625509459238	-0.311726399912283	-1.0947586621645886	0.7217004611067344	-0.04732361070525126	0.5079502806139109	0.49268333361340755
TACGTAGGGGGCAAGCGTTATCCGGATTTACTGGGTGTAAAGGGAGCGTAGACGGCGATGCAAGTCTGAAGTGAAAGGCGGGGGCCCAACCCCCGGACTG	0.07025694248911218	-0.5483839039046039	-0.5461514678138943	-2.094720038354774	-1.5437902198262643	-0.13237896196257548	-0.35274436622141625	-1.3475327666025043
TACGGAGGGTGCGAGCGTTAATCGGAATAACTGGGCGTAAAGGGCACGCAGGCGGTTATTTAAGTGAGATGTGAAAGCCCCGGGCTTAACCTGGGAATTG	1.4378241240763314	-0.2523507599074115	-1.5527957167762967	-1.3816897000674206	-0.828712223572297	-0.31427886716734843	2.505637501187336	-1.2953643973092914
TACGGAGGATGCGAGCGTTATCCGGATTTATTGGGTTTAAAGGGTGCGTAGGCGGCCTGCCAAGTCAGCGGTAAAATTGCGGGGCTCAACCCCGTACAGC	0.201378816344703	-0.38117249052112	2.3304673943382053	-0.43578747171201293	-0.05764078955130092	-0.9850046896160789	0.9994749769640086	1.2801875893850445
TACGTATGGGGCAAGCGTTATCCGGATTTACTGGGTGTAAAGGGAGCGTAGGCGGTACGGCAAGTCAGAAGTGAAAGCCTGGGGCTCAACCCCGGAATTG	-0.07185388209584875	-1.5584510091978778	-0.5055664267677518	-1.6675373639468152	0.725501985745864	-0.6336121820629783	-0.6402116075086477	-0.7679256375055195
TACGTAGGGGGCAAGCGTTATCCGGATTTACTGGGTGTAAAGGGAGCGTAGACGGCCAGACAAGTCTGAAGTGAAAATCCAGCGCTTAACGTTGGAAGTG	-0.494191890976464	-0.9468894724089374	0.36805539463575165	-1.1620117749575574	-0.1476330743260812	-0.15109195939909892	0.820333217091572	-2.6098578150491596
TACGTAGGGTGCAAGCGTTATCCGGATTTATTGGGCGTAAAGGGCTCGTAGGCGGTTCGTCGCGTCCGGTGTGAAAGTCCATCGCTTAACGGTGGATCCG	-1.601703172943627	0.4846826072495709	0.11547570560987275	-0.8536335553530652	0.3402715339235831	-0.14369454614531474	-0.2879908338117483	-0.27333738162325627
TACGTAAGGACCGAGCGTTGTCCGGAATCATTGGGCGTAAAGGGTACGTAGGCGGGTCATTAAGTTAGAAGTTAAAGGCTATAGCTCAACTATAGTAAGC	-0.9878056109166495	0.2542680974763165	0.345342269883707	-1.2560993756655652	-0.8954639420934152	-0.4073348306835838	-0.054417635493266836	-0.019769209168422286
TACGTAGGGGGCAAGCGTTATCCGGATTTACTGGGTGTAAAGGGAGCGTAGACGGCAGCGCAAGTCTGGAGTGAAATCCCATGGCTTAACCATGGAACTG	-1.364813810608422	-0.19054169694964784	0.9287716958385257	-1.3500033940676648	-0.3891423926778268	-0.6394737028301902	-0.36726906447886254	-0.007535832665431563
TACGGAGGATGCGAGCGTTATCCGGATTTATTGGGTTTAAAGGGTGCGTAGGCGGCGAGTTAAGTCAGCGGTAAAAGCCCGGGGCTCAACCCCGGCCCGC	0.43165659306284265	0.5145943637650738	-0.9416743006843777	-2.6314927663210828	-1.309750436348481	-0.27543046705138163	-0.36844756751536156	-1.5372767622690082
TACGTAGGTGGCGAGCGTTATCCGGAATGATTGGGCGTAAAGGGTGCGCAGGCGGCCGGGCAAGTCCGCAGTAAAAACTGGAGGCTCAACCTTCAGGGGC	-1.049182420990502	0.04632084329540831	1.3393182072501926	-1.050577076852699	-0.11025488237814418	0.2140164113818459	1.1371901974153635	0.7760746006746411
TACGGAGGGTGCGAGCGTTACCCGGATTTACTGGGCGTAAAGGGCGTGTAGGCGGTTTTCTAAGTCCGGGGCTAAAGACCAGGGCTCAACCCTGGGTTTG	-0.6943612158513419	-0.5272986416060199	0.7063581261497287	0.13466021162233766	1.4928144230417777	-0.5860433839977928	0.16299221367360328	-0.8282083447198749
TACGGAAGGTCCAGGCGTTATCCGGATTTATTGGGTTTAAAGGGAGCGTAGGCCGTTTGATAAGCGTGCTGTGAAATTTAGAGGCTCAACCTCTACCGTG	1.1412906586908944	2.1501125570100084	1.0690157029491214	1.4022239271994632	-1.0614010081716012	-0.1325644516171165	-1.402985359721172	0.42548338816357845
TACGTAGGTGGCAAGCGTTGTCCGGATTTATTGGGCGTAAAGCGAGTGCAGGCGGTGATTTAAGTCTGATGTGAAAGCCCCCAGCTCAACTGGGGAGGGT	0.6734087407374032	-0.804446530743288	-1.7352677073616238	-1.3002270783785779	-0.16133928160147182	-1.0983116888226219	-0.42829182296274926	-0.6114273245553852
TACGTAGGGTGCGAGCGTTGTCCGGAATTACTGGGCGTAAAGAGCTCGTAGGTGGTTTGTCGCGTCGTCTGTGAAATTCTGGGGCTTAACTCCGGGCGTG	-0.453166967651879	-1.5447376493651142	-0.3544702019829007	-1.7246884431246716	-0.04794549803213588	-0.6091335081280418	-0.16538932471751	-0.4638554032068134
TACGTAGGGTGCGAGCGTTAATCGGAATTATTGGGCGTAAAGCGAGTGTAGACGGTTATTTAAGCCAGATGTGAAATACCCGAGCCTAACTTGGGAAGTG	-1.3516082823491447	-0.3268311742979755	0.11242704723890107	-1.0632762040499646	0.3835668577723075	-0.24379136793028788	-0.7923066869306448	-1.2889039690713764
TACGGAGGATGCGAGCGTTATCCGGATTTATTGGGTTTAAAGGGTGCGTAGGCGGGATGCCAAGTCAGCGGTAAAAAAGCGGTGCTCAACGCCGTCGAGC	0.5701956689142831	-1.0901985887724628	1.2868573281627445	1.038659078299622	0.22662300010247716	-1.6628368162335105	-0.4424736753034475	-0.7001196320276142
TACGGAGGATTCAAGCGTTATCCGGATTTATTGGGTTTAAAGGGTGCGTAGGCGGTCGGATAAGTTAGAGGTGAAATCCCGAGGCTCAACTTCGGAATTG	-1.4432306349492423	-0.08493061105792421	-0.46450287963335235	-1.4466172780398328	0.12066871066613682	-0.3433857225598045	0.8246023401689646	-0.639927881501186
TACGTAGGTGCCAAGCGTTGTCCGGATTTATTGGGCGTAAAGGGAGCGCAGGCGGTCTGTTTAGTCTAATGTGAAAGCCCACGGCTTAACCGTGGAACGG	-2.4691944182134025	-0.6416381124693622	0.6273530039649753	0.09596952539644654	0.5261532678179313	0.3923148847400002	-0.4524350419568899	-0.17063261821078068
TACGTAGGTGGCAAGCGTTGTCCGGATTTATTGGGCGTAAAGAGAGCGCAGGCGGAAGAATAAGTCTGATGTGAAAGCCCTCGGCTTAACCGAGGAACTG	-0.5190258085942618	-0.03460891286914247	-1.2088268485206815	-0.6247228707674939	-0.26672685007528774	-0.964783456248159	-0.12710764556406762	0.4205651108999371
